CODE,RXCUI2,STR
4032229,1001434,CAFFEINE/MAGNESIUM SALICYLATE
4030045,1001472,DUTASTERIDE/TAMSULOSIN
4030048,1002293,FORMOTEROL/MOMETASONE
4023217,1006903,PANCREATIN/PYRIDOXINE
4031278,1007312,BENZOCAINE/GLYCERIN
4033245,1007329,IBUPROFEN/PHENYLEPHRINE
4034012,1007535,HYALURONATE/UREA
4022754,1007573,CYANOCOBALAMIN/FOLIC ACID
4030855,1007587,ACETAMINOPHEN/CHLORPHENIRAMINE/DEXTROMETHORPHAN
4033252,1007646,PHENYLEPHRINE/TRIPROLIDINE
4033133,1007804,ACYCLOVIR/HYDROCORTISONE
4022408,1007893,BELLADONNA/CAFFEINE/ERGOTAMINE/PENTOBARBITAL
4022893,1008065,FERROUS SULFATE/FOLIC ACID
4032572,1008092,BROMPHENIRAMINE/DEXTROMETHORPHAN/PHENYLEPHRINE
4022657,1008141,ASCORBIC ACID/FERROUS FUMARATE/FOLIC ACID
4033939,1008252,ACETAMINOPHEN/DEXTROMETHORPHAN/DIPHENHYDRAMINE
4023678,1008340,DOCUSATE/SENNA
4022514,1008386,ASCORBIC ACID/FERROUS SULFATE/FOLIC ACID
4022369,1008547,BELLADONNA/BUTABARBITAL
4022634,1008559,FERROUS FUMARATE/FOLIC ACID
4023257,1008574,SODIUM BIPHOSPHATE/SODIUM PHOSPHATE
4034754,1008701,ACETAMINOPHEN/DEXTROMETHORPHAN/DOXYLAMINE/PHENYLEPHRINE
4030139,1008801,AMLODIPINE/HYDROCHLOROTHIAZIDE/OLMESARTAN
4032354,1008818,LIDOCAINE/MENTHOL
4032142,1008848,CAPSAICIN/MENTHOL/METHYL SALICYLATE
4031536,1008849,SALICYLIC ACID/UREA
4022554,1008932,AMYLASE/CELLULASE/LIPASE/PROTEASE
4034555,1008933,DIPHTHERIA/HAEMOPHILUS/PERTUSSIS/POLIO/TETANUS
4026969,1009015,AMLODIPINE/OLMESARTAN
4024203,1009033,CALCIUM CARBONATE/FOLIC ACID/MAGNESIUM CARBONATE
4034554,1009129,CYANOCOBALAMIN/METHYLCOBALAMIN
4023111,1009149,ALUMINUM HYDROXIDE/MAGNESIUM HYDROXIDE
4022214,1009152,POTASSIUM CHLORIDE/POTASSIUM GLUCONATE
4022549,1009153,POTASSIUM BICARBONATE/POTASSIUM CITRATE
4022800,1009154,POTASSIUM CITRATE/POTASSIUM GLUCONATE
4022520,1009156,CHLORPHENIRAMINE/METHSCOPOLAMINE/PHENYLEPHRINE
4030995,1009219,ALISKIREN/AMLODIPINE
4030218,1009219,ALSKIREN/AMLODIPINE
4030856,1013625,DROSPIRENONE/ETHINYL ESTRADIOL/LEVOMEFOLATE
4032144,1020419,CAPSAICIN/ LIDOCAINE/MENTHOL/METHYL SALICYLATE
4034627,1033889,AMLODIPINE/PERINDOPRIL
4022149,103990,CARBIDOPA/LEVODOPA
4030492,1040053,DEXTROMETHORPHAN/QUINIDINE
4030303,1043562,METFORMIN/SAXAGLIPTIN
4030496,1050797,ALISKIREN/AMLODIPINE/HYDROCHLOROTHIAZIDE
4022530,106732,CLEMASTINE/PHENYLPROPANOLAMINE
4022457,106876,ISONIAZID/RIFAMPIN
4022542,106928,BETAMETHASONE/CLOTRIMAZOLE
4022225,106955,HYDROCORTISONE/PRAMOXINE
4022474,106960,CHLORAMPHENICOL/HYDROCORTISONE
4022188,106963,HYDROCORTISONE/NEOMYCIN
4022242,106964,HYDROCORTISONE/LIDOCAINE
4022459,106986,HYDROCORTISONE/OXYTETRACYCLINE
4022429,106987,CLIOQUINOL/HYDROCORTISONE
4022191,107005,METHYLPREDNISOLONE/NEOMYCIN
4022100,107011,NYSTATIN/TRIAMCINOLONE
4022477,107602,EPINEPHRINE/LIDOCAINE
4022234,107606,BUPIVACAINE/EPINEPHRINE
4023567,108038,ACETAMINOPHEN/CAFFEINE
4022108,10831,SULFAMETHOXAZOLE/TRIMETHOPRIM
4033996,1094890,LIDOCAINE/MENTHOL/METHYL SALICYLATE
4030732,1100065,FAMOTIDINE/IBUPROFEN
4030655,1111420,ASPIRIN/CHLORPHENIRAMINE/DEXTROMETHORPHAN/PHENYLEPHRINE
4022519,113588,ERYTHROMYCIN/SULFISOXAZOLE
4022354,113931,CLAVULANATE/TICARCILLIN
4031613,1188531,CHLORPHENIRAMINE/CHLOPHEDIANOL/PSEUDOEPHEDRINE
4030988,1189074,DIPHENHYDRAMINE/HYDROCORTISONE/NYSTATIN/TETRACYCLINE
4031115,1189803,SIMVASTATIN/SITAGLIPTIN
4031537,1235143,AZILSARTAN/CHLORTHALIDONE
4031408,1243019,LINAGLIPTIN/METFORMIN
4032474,1248066,DIPHENHYDRAMINE/HYDROCORTISONE/NYSTATIN
4034291,1250666,ACYCLOVIR/LIDOCAINE
4031569,1291859,AZELASTINE/FLUTICASONE
4031616,1302826,PHENTERMINE/TOPIRAMATE
4022470,135095,ASPIRIN/CODEINE
4024162,135098,DALFOPRISTIN/QUINUPRISTIN
4032102,1368384,ALOGLIPTIN/METFORMIN
4032103,1368402,ALOGLIPTIN/PIOGLITAZONE
4033607,1420991,ALLANTOIN/DIPHENHYDRAMINE
4032355,1421450,BRIMONIDINE/BRINZOLAMIDE
4032365,1422085,ATORVASTATIN/EZETIMIBE
4032566,1424888,FLUTICASONE/VILANTEROL
4034399,1430990,DONEPEZIL/MEMANTINE
4033829,1486436,DAPAGLIFLOZIN/METFORMIN
4033107,1487518,UMECLIDINIUM/VILANTEROL
4022387,151195,ATENOLOL/CHLORTHALIDONE
4034341,1540229,KETOROLAC/PHENYLEPHRINE
4033514,1540662,ALLANTOIN/LIDOCAINE/PETROLATUM
4033598,1545149,CANAGLIFLOZIN/METFORMIN
4022420,154643,MESTRANOL/NORETHINDRONE
4033653,1546887,ABACAVIR/DOLUTEGRAVIR/LAMIVUDINE
4034080,1550956,DIPHENHYDRAMINE/NAPROXEN
4033706,1551467,BUPROPION/NALTREXONE
4033742,1552342,NETUPITANT/PALONOSETRON
4033797,1591942,LEDIPASVIR/SOFOSBUVIR
4033989,1594955,CAPSAICIN/LIDOCAINE/MENTHOL
4033990,1595630,ACETAMINOPHEN/BROMPHENIRAMINE
4034686,1597378,OMBITASVIR/PARITAPREVIR/RITONAVIR
4034137,1598380,COBICISTAT/DARUNAVIR
4034138,1598392,EMPAGLIFLOZIN/LINAGLIPTIN
4034139,1601653,ATAZANAVIR/COBICISTAT
4034601,1655927,IVACAFTOR/LUMACAFTOR
4034599,1656339,SACUBITRIL/VALSARTAN
4034513,1658460,OLODATEROL/TIOTROPIUM
4034783,1661318,CODEINE/PHENYLEPHRINE/TRIPROLIDINE
4023658,166283,LIDOCAINE/PRILOCAINE
4034785,1664314,EMPAGLIFLOZIN/METFORMIN
4023329,17384,ALUMINUM HYDROXIDE/MAGNESIUM CARBONATE
4022353,19711,AMOXICILLIN/CLAVULANATE
4022119,203218,PYRIMETHAMINE/SULFADOXINE
4022527,214130,ACETAMINOPHEN/BUTALBITAL/CAFFEINE
4027253,214137,ACETAMINOPHEN/CAFFEINE/PYRILAMINE
4022545,214153,ACETAMINOPHEN/DICHLORALPHENAZONE/ISOMETHEPTENE
4023438,214156,ACETAMINOPHEN/PAMABROM/PYRILAMINE
4022528,214159,ASPIRIN/BUTALBITAL/CAFFEINE
4022529,214160,ASPIRIN/BUTALBITAL/CAFFEINE/CODEINE
4022543,214178,ACETAMINOPHEN/BUTALBITAL
4023449,214179,ACETAMINOPHEN/CHLORPHENIRAMINE
4023579,214180,ACETAMINOPHEN/DEXTROMETHORPHAN
4023557,214181,ACETAMINOPHEN/DIPHENHYDRAMINE
4022392,214182,ACETAMINOPHEN/HYDROCODONE
4022164,214183,ACETAMINOPHEN/OXYCODONE
4023200,214184,ACETAMINOPHEN/PAMABROM
4022240,214185,ACETAMINOPHEN/PENTAZOCINE
4023566,214186,ACETAMINOPHEN/PHENYLEPHRINE
4023198,214187,ACETAMINOPHEN/PSEUDOEPHEDRINE
4022556,214188,ACETAMINOPHEN/SALICYLAMIDE
4023912,214196,ACRIVASTINE/PSEUDOEPHEDRINE
4024060,214199,ALBUTEROL/IPRATROPIUM
4022150,214212,AMILORIDE/HYDROCHLOROTHIAZIDE
4022569,214216,AMINOPHYLLINE/GUAIFENESIN
4022610,214220,AMITRIPTYLINE/CHLORDIAZEPOXIDE
4024008,214223,AMLODIPINE/BENAZEPRIL
4022806,214230,AMOBARBITAL/SECOBARBITAL
4022209,214233,AMPICILLIN/PROBENECID
4023127,214247,ASCORBIC ACID/FERROUS FUMARATE
4023129,214248,ASCORBIC ACID/FERROUS SULFATE
4022197,214249,ASPIRIN/BUTALBITAL
4023150,214250,ASPIRIN/CAFFEINE
4022378,214251,ASPIRIN/CARISOPRODOL
4023049,214253,ASPIRIN/HYDROCODONE
4022174,214254,ASPIRIN/MEPROBAMATE
4022360,214255,ASPIRIN/METHOCARBAMOL
4022163,214256,ASPIRIN/OXYCODONE
4022239,214257,ASPIRIN/PENTAZOCINE
4022823,214258,ASPIRIN/PHENYLTOLOXAMINE
4023131,214259,ASPIRIN/PSEUDOEPHEDRINE
4023169,214261,ATROPINE/DIFENOXIN
4023556,214262,ATROPINE/EDROPHONIUM
4022570,214263,ATROPINE/PHENOBARBITAL
4022540,214265,AZATADINE/PSEUDOEPHEDRINE
4023999,214287,BENAZEPRIL/HYDROCHLOROTHIAZIDE
4022096,214288,BENDROFLUMETHIAZIDE/NADOLOL
4023582,214298,BENZOCAINE/DEXTROMETHORPHAN
4024014,214299,BENZOCAINE/DOCUSATE
4024000,214317,BISOPROLOL/HYDROCHLOROTHIAZIDE
4022550,214323,BROMODIPHENHYDRAMINE/CODEINE
4022840,214325,BROMPHENIRAMINE/PHENYLPROPANOLAMINE
4022694,214326,BROMPHENIRAMINE/PSEUDOEPHEDRINE
4022132,214327,BROMPHENIRAMINE/CODEINE/PHENYLPROPANOLAMINE
4022406,214336,CAFFEINE/ERGOTAMINE
4023574,214346,CALCIUM CARBONATE/MAGNESIUM CARBONATE
4023441,214347,CALCIUM CARBONATE/MAGNESIUM HYDROXIDE
4023619,214349,CALCIUM CARBONATE/SODIUM FLUORIDE
4022733,214350,CALCIUM GLYCEROPHOSPHATE/CALCIUM LACTATE
4022097,214357,CAPTOPRIL/HYDROCHLOROTHIAZIDE
4022171,214358,CARAMIPHEN/PHENYLPROPANOLAMINE
4022502,214364,CARBINOXAMINE/PSEUDOEPHEDRINE
4023071,214367,CASANTHRANOL/DOCUSATE
4023748,214372,CHARCOAL/SIMETHICONE
4022148,214382,CHLOROTHIAZIDE/METHYLDOPA
4022146,214383,CHLOROTHIAZIDE/RESERPINE
4023685,214390,CHLORPHENIRAMINE/DEXTROMETHORPHAN
4023148,214392,CHLORPHENIRAMINE/HYDROCODONE
4022521,214393,CHLORPHENIRAMINE/PHENYLEPHRINE
4022169,214394,CHLORPHENIRAMINE/PHENYLPROPANOLAMINE
4022426,214395,CHLORPHENIRAMINE/PSEUDOEPHEDRINE
4022595,214406,CHLORPHENIRAMINE/GUAIFENESIN/PHENYLEPHRINE
4022969,214407,CHLORPHENIRAMINE/GUAIFENESIN/PSEUDOEPHEDRINE
4022640,214409,CHLORPHENIRAMINE/HYDROCODONE/PHENYLEPHRINE
4022376,214416,CHLORPHENIRAMINE/PHENYLEPHRINE/PYRILAMINE
4022828,214418,CHLORTHALIDONE/CLONIDINE
4022465,214419,CHLORTHALIDONE/RESERPINE
4022944,214427,CITRIC ACID/POTASSIUM CITRATE
4022361,214442,CODEINE/GUAIFENESIN
4022384,214443,"CODEINE/GLYCEROL,IODINATED"
4022131,214444,CODEINE/PROMETHAZINE
4022352,214445,CODEINE/PSEUDOEPHEDRINE
4022208,214447,CODEINE/GUAIFENESIN/PHENYLPROPANOLAMINE
4022130,214449,CODEINE/PHENYLEPHRINE/PROMETHAZINE
4023103,214450,CODEINE/PHENYLEPHRINE/PYRILAMINE
4022531,214451,CODEINE/PSEUDOEPHEDRINE/TRIPROLIDINE
4022133,214452,COLCHICINE/PROBENECID
4022511,214471,DESERPIDINE/HYDROCHLOROTHIAZIDE
4022510,214472,DESERPIDINE/METHYCLOTHIAZIDE
4022162,214478,DEXAMETHASONE/LIDOCAINE
4022436,214488,DEXTROMETHORPHAN/GUAIFENESIN
4023139,214489,DEXTROMETHORPHAN/PHENYLPROPANOLAMINE
4022182,214491,DEXTROMETHORPHAN/PROMETHAZINE
4023398,214492,DEXTROMETHORPHAN/PSEUDOEPHEDRINE
4023094,214494,DEXTROMETHORPHAN/GUAIFENESIN/PHENYLEPHRINE
4022780,214495,DEXTROMETHORPHAN/GUAIFENESIN/PSEUDOEPHEDRINE
4023102,214496,DEXTROMETHORPHAN/PHENYLEPHRINE/PYRILAMINE
4024103,214502,DICLOFENAC/MISOPROSTOL
4024083,214507,DILTIAZEM/ENALAPRIL
4023397,214512,DIPHENHYDRAMINE/PSEUDOEPHEDRINE
4023130,214519,DOCUSATE/FERROUS FUMARATE
4023125,214520,DOCUSATE/PHENOLPHTHALEIN
4022374,214528,DYPHYLLINE/GUAIFENESIN
4024037,214535,ENALAPRIL/FELODIPINE
4023310,214536,ENALAPRIL/HYDROCHLOROTHIAZIDE
4022605,214538,EPHEDRINE/GUAIFENESIN
4022593,214539,EPHEDRINE/POTASSIUM IODIDE
4023447,214540,EPHEDRINE/GUAIFENESIN/THEOPHYLLINE
4022402,214541,EPHEDRINE/HYDROXYZINE/THEOPHYLLINE
4022648,214542,EPHEDRINE/PHENOBARBITAL/THEOPHYLLINE
4022637,214545,EPINEPHRINE/ETIDOCAINE
4022636,214547,EPINEPHRINE/PRILOCAINE
4024147,214551,ESTRADIOL/NORETHINDRONE
4022098,214553,ESTRADIOL/TESTOSTERONE
4022173,214558,ETHINYL ESTRADIOL/LEVONORGESTREL
4023780,214559,ETHINYL ESTRADIOL/NORGESTIMATE
4024105,214565,FEXOFENADINE/PSEUDOEPHEDRINE
4022418,214594,GUAIFENESIN/HYDROCODONE
4022467,214596,GUAIFENESIN/OXTRIPHYLLINE
4022415,214597,GUAIFENESIN/PHENYLEPHRINE
4022577,214598,GUAIFENESIN/PHENYLPROPANOLAMINE
4022428,214599,GUAIFENESIN/PSEUDOEPHEDRINE
4022451,214600,GUAIFENESIN/THEOPHYLLINE
4022693,214603,GUAIFENESIN/HYDROCODONE/PHENYLEPHRINE
4022458,214604,GUAIFENESIN/HYDROCODONE/PSEUDOEPHEDRINE
4022416,214614,HOMATROPINE/HYDROCODONE
4022433,214615,HYDRALAZINE/HYDROCHLOROTHIAZIDE
4022137,214616,HYDRALAZINE/HYDROCHLOROTHIAZIDE/RESERPINE
4024149,214617,HYDROCHLOROTHIAZIDE/IRBESARTAN
4023137,214618,HYDROCHLOROTHIAZIDE/LISINOPRIL
4023994,214619,HYDROCHLOROTHIAZIDE/LOSARTAN
4022138,214620,HYDROCHLOROTHIAZIDE/METHYLDOPA
4022347,214621,HYDROCHLOROTHIAZIDE/METOPROLOL
4024091,214622,HYDROCHLOROTHIAZIDE/MOEXIPRIL
4022396,214623,HYDROCHLOROTHIAZIDE/PROPRANOLOL
4022144,214624,HYDROCHLOROTHIAZIDE/RESERPINE
4022145,214625,HYDROCHLOROTHIAZIDE/TIMOLOL
4024111,214626,HYDROCHLOROTHIAZIDE/VALSARTAN
4024092,214627,HYDROCODONE/IBUPROFEN
4023069,214628,HYDROCODONE/PHENYLEPHRINE
4022419,214629,HYDROCODONE/PHENYLPROPANOLAMINE
4022452,214631,HYDROCODONE/PSEUDOEPHEDRINE
4022609,214633,HYDROCODONE/PHENYLEPHRINE/PYRILAMINE
4022206,214646,HYDROFLUMETHIAZIDE/RESERPINE
4023738,214652,IBUPROFEN/PSEUDOEPHEDRINE
4023956,214662,ISONIAZID/PYRAZINAMIDE/RIFAMPIN
4022552,214664,ISOPROTERENOL/PHENYLEPHRINE
4023315,214665,KAOLIN/PECTIN
4024095,214671,LAMIVUDINE/ZIDOVUDINE
4024160,214681,LOPERAMIDE/SIMETHICONE
4023980,214682,LORATADINE/PSEUDOEPHEDRINE
4023277,214685,MAGALDRATE/SIMETHICONE
4023440,214687,MAGNESIUM HYDROXIDE/MINERAL OIL
4022635,214689,MAGNESIUM SALICYLATE/PHENYLTOLOXAMINE
4022506,214691,MANNITOL/SORBITOL
4022175,214699,MEPERIDINE/PROMETHAZINE
4022370,214703,METHYCLOTHIAZIDE/RESERPINE
4023293,214709,MINERAL OIL/PHENOLPHTHALEIN
4022241,214721,NALOXONE/PENTAZOCINE
4022114,214758,PHENAZOPYRIDINE/SULFISOXAZOLE
4022129,214769,PHENYLEPHRINE/PROMETHAZINE
4022832,214787,POLYTHIAZIDE/PRAZOSIN
4022464,214788,POLYTHIAZIDE/RESERPINE
4023745,214791,POTASSIUM BICARBONATE/SODIUM BICARBONATE
4022671,214792,POTASSIUM CHLORIDE/SODIUM CHLORIDE
4022618,214793,POTASSIUM IODIDE/THEOPHYLLINE
4023555,214806,PSEUDOEPHEDRINE/TERFENADINE
4022414,214807,PSEUDOEPHEDRINE/TRIPROLIDINE
4022453,214813,RESERPINE/TRICHLORMETHIAZIDE
4023775,214829,SODIUM BICARBONATE/SODIUM CITRATE
4024053,214866,TRANDOLAPRIL/VERAPAMIL
4022243,214970,ACETIC ACID/ALUMINUM ACETATE
4022526,215598,BELLADONNA/ERGOTAMINE/PHENOBARBITAL
4023347,215830,CALCIUM CARBONATE/VITAMIN D
4023212,215831,CALCIUM CITRATE/VITAMIN D
4022161,216524,DEXAMETHASONE/NEOMYCIN
4022445,216525,DEXAMETHASONE/NEOMYCIN/POLYMYXIN B
4022491,216544,DEXTROSE/POTASSIUM CHLORIDE
4022505,216554,DEXTROSE/POTASSIUM CHLORIDE/SODIUM CHLORIDE
4022447,217626,HYDROCORTISONE/IODOQUINOL
4022430,217627,HYDROCORTISONE/NEOMYCIN/POLYMYXIN B
4023042,219228,ACETAMINOPHEN/PHENYLTOLOXAMINE
4023233,219314,POLYMYXIN B/TRIMETHOPRIM
4022424,220083,SULFABENZAMIDE/SULFACETAMIDE/SULFATHIAZOLE
4024173,226716,ASPIRIN/DIPYRIDAMOLE
4022201,235389,MESTRANOL/NORETHYNODREL
4022599,235494,POTASSIUM CITRATE/SODIUM CITRATE
4022564,253146,AMPHETAMINE/DEXTROAMPHETAMINE
4022140,258337,HYDROCHLOROTHIAZIDE/TRIAMTERENE
4022841,261407,BUTABARBITAL/HYOSCYAMINE/PHENAZOPYRIDINE
4024185,261414,ESTRADIOL/NORGESTIMATE
4024202,261415,FOSINOPRIL/HYDROCHLOROTHIAZIDE
4024184,261417,HYDROCHLOROTHIAZIDE/QUINAPRIL
4022555,261418,HYOSCYAMINE/PHENOBARBITAL
4022226,261432,PHENYLEPHRINE/PYRILAMINE
4022113,262099,PHENAZOPYRIDINE/SULFAMETHOXAZOLE
4022892,262231,HYOSCYAMINE/METHENAMINE
4022147,282427,AMITRIPTYLINE/PERPHENAZINE
4028728,282448,ARTEMETHER/LUMEFANTRINE
4024206,284620,ABACAVIR/LAMIVUDINE/ZIDOVUDINE
4024299,284622,ARTICAINE/EPINEPHRINE
4024197,284623,ATOVAQUONE/PROGUANIL
4024207,284628,CANDESARTAN/HYDROCHLOROTHIAZIDE
4024326,284630,HYDROCODONE/CARBINOXAMINE/PSEUDOEPHEDRINE
4024217,284635,FLUTICASONE/SALMETEROL
4024371,284636,HYDROCHLOROTHIAZIDE/TELMISARTAN
4024198,284640,LOPINAVIR/RITONAVIR
4024961,284641,NAPROXEN/PSEUDOEPHEDRINE
4024195,285129,GLYBURIDE/METFORMIN
4022537,287585,GUANETHIDINE/HYDROCHLOROTHIAZIDE
4020259,314726,MENTHOL/PHENOL
4022758,321650,IODINE/POTASSIUM IODIDE
4022135,324042,HYDROCHLOROTHIAZIDE/SPIRONOLACTONE
4023755,324044,DESOGESTREL/ETHINYL ESTRADIOL
4022152,34482,CILASTATIN/IMIPENEM
4033513,352362,TRAMADOL/ACETAMINOPHEN
4024246,352362,ACETAMINOPHEN/TRAMADOL
4024297,352364,BUPRENORPHINE/NALOXONE
4024330,352366,CARBINOXAMINE/METHSCOPOLAMINE/PSEUDOEPHEDRINE
4024229,352367,CETIRIZINE/PSEUDOEPHEDRINE
4024938,352375,EPROSARTAN/HYDROCHLOROTHIAZIDE
4024248,352376,ETHINYL ESTRADIOL/ETONOGESTREL
4024249,352377,ETHINYL ESTRADIOL/NORELGESTROMIN
4024304,352381,GLIPIZIDE/METFORMIN
4023211,352384,IFOSFAMIDE/MESNA
4024277,352387,LOVASTATIN/NIACIN
4025103,352767,METHSCOPOLAMINE/PSEUDOEPHEDRINE
4022172,37075,ETHINYL ESTRADIOL/NORGESTREL
4022421,384410,ETHINYL ESTRADIOL/NORETHINDRONE
4026246,389132,BUDESONIDE/FORMOTEROL
4023176,392454,BENZOYL PEROXIDE/HYDROCORTISONE
4022441,392457,PHYSOSTIGMINE/PILOCARPINE
4023112,392472,EPHEDRINE/THEOPHYLLINE
4025499,392503,MEQUINOL/TRETINOIN
4022448,392556,BENZOYL PEROXIDE/ERYTHROMYCIN
4022575,400674,DEXBROMPHENIRAMINE/PSEUDOEPHEDRINE
4024377,404773,AMLODIPINE/ATORVASTATIN
4024319,404775,ASPIRIN/PRAVASTATIN
4024321,404781,BUPIVACAINE/FENTANYL
4025095,404785,CARBETAPENTANE/PHENYLEPHRINE/PYRILAMINE
4024327,404786,CARBIDOPA/ENTACAPONE/LEVODOPA
4031184,404789,CHLORPHENIRAMINE/IBUPROFEN/PSEUDOEPHEDRINE
4024370,465370,ATROPINE/PRALIDOXIME
4024333,465397,CIPROFLOXACIN/DEXAMETHASONE
4024311,465680,FLUOCINOLONE/HYDROQUINONE/TRETINOIN
4024104,465711,CIPROFLOXACIN/HYDROCORTISONE
4023436,466424,ASPIRIN/CAFFEINE/CINNAMEDRINE
4023613,466427,BENZOCAINE/RESORCINOL
4022200,466428,ANTIPYRINE/BENZOCAINE/PHENYLEPHRINE
4022427,466431,CHLORPHENIRAMINE/DEXTROMETHORPHAN/PSEUDOEPHEDRINE
4022827,466453,BROMPHENIRAMINE/DEXTROMETHORPHAN/PHENYLPROPANOLAMINE
4032382,466459,GLUCOSAMINE/METHYLSULFONYLMETHANE
4022666,466482,PAPAIN/UREA
4023107,466486,DEXTROMETHORPHAN/PHENYLEPHRINE
4022862,466487,PHENIRAMINE/PHENYLEPHRINE
4022351,466489,CODEINE/GUAIFENESIN/PSEUDOEPHEDRINE
4023394,466496,COAL TAR/SALICYLIC ACID/SULFUR
4022237,466512,CHLORPHENIRAMINE/CODEINE/PHENYLEPHRINE/POTASSIUM IODIDE
4022377,466513,CARBETAPENTANE/CHLORPHENIRAMINE/EPHEDRINE/PHENYLEPHRINE
4023430,466514,CHLORPHENIRAMINE/HYDROCODONE/PSEUDOEPHEDRINE
4023450,466517,ACETAMINOPHEN/DEXBROMPHENIRAMINE/PSEUDOEPHEDRINE
4030733,466522,DIPHENHYDRAMINE/ZINC ACETATE
4023337,466524,ACETAMINOPHEN/DEXTROMETHORPHAN/DOXYLAMINE/PSEUDOEPHEDRINE
4022381,466530,ACETIC ACID/HYDROCORTISONE
4023334,466537,MENTHOL/METHYL SALICYLATE
4022444,466541,NEOMYCIN/POLYMYXIN B
4022471,466546,ETHINYL ESTRADIOL/FERROUS FUMARATE/NORETHINDRONE
4022551,466549,ASPIRIN/CAFFEINE/ORPHENADRINE
4022614,466555,GUAIFENESIN/PHENYLEPHRINE/PHENYLPROPANOLAMINE
4022663,466556,DEXTROMETHORPHAN/GUAIFENESIN/PHENYLPROPANOLAMINE
4023661,466566,ACETAMINOPHEN/DEXTROMETHORPHAN/DIPHENHYDRAMINE/PSEUDOEPHEDRINE
4022373,466568,CHLORPHENIRAMINE/CODEINE/PSEUDOEPHEDRINE
4023565,466569,ACETAMINOPHEN/DEXTROMETHORPHAN/PSEUDOEPHEDRINE
4023514,466581,ACETAMINOPHEN/CAFFEINE/SALICYLAMIDE
4023467,466584,ACETAMINOPHEN/ASPIRIN/CAFFEINE
4023190,466588,ALUMINUM HYDROXIDE/MAGNESIUM HYDROXIDE/SIMETHICONE
4023382,466593,BENZOCAINE/PHENOL
4022127,48274,ACETAMINOPHEN/PROPOXYPHENE
4024368,484211,EZETIMIBE/SIMVASTATIN
4030910,484259,OXYCODONE/IBUPROFEN
4022136,494309,ACETAMINOPHEN/CHLORZOXAZONE
4023156,496653,SALICYLIC ACID/SULFUR
4023048,49991,DROPERIDOL/FENTANYL
4022134,594040,ATROPINE/DIPHENOXYLATE
4027255,597142,BRIMONIDINE/TIMOLOL
4022440,597159,NAPHAZOLINE/PHENIRAMINE
4024966,597501,DESLORATADINE/PSEUDOEPHEDRINE
4023223,605998,CHLORPHENIRAMINE/CODEINE
4025882,605999,CHLORPHENIRAMINE/METHSCOPOLAMINE
4025706,606253,GLIMEPIRIDE/ROSIGLITAZONE
4024951,606640,CHLORDIAZEPOXIDE/METHSCOPOLAMINE
4031438,606642,FENTANYL/ROPIVACAINE
4027815,606797,ACETAMINOPHEN/CAFFEINE/PHENYLTOLOXAMINE/SALICYLAMIDE
4025102,607999,METFORMIN/PIOGLITAZONE
4025603,608568,LIDOCAINE/TETRACAINE
4022625,608716,DIBUCAINE/HYDROCORTISONE
4022787,608835,AMMONIUM CHLORIDE/DIPHENHYDRAMINE
4024332,611247,FLUOXETINE/OLANZAPINE
4022562,611854,CHLORDIAZEPOXIDE/CLIDINIUM
4024293,614348,METFORMIN/ROSIGLITAZONE
4024367,614534,ABACAVIR/LAMIVUDINE
4025702,617777,OMEPRAZOLE/SODIUM BICARBONATE
4033243,631158,ACETAMINOPHEN/GUAIFENESIN/PHENYLEPHRINE
4023152,636648,POTASSIUM BITARTRATE/SODIUM BICARBONATE
4026638,644895,DIPHENHYDRAMINE/IBUPROFEN
4023274,645045,CALAMINE/ZINC OXIDE
4023201,645048,CALCIUM CARBONATE/SIMETHICONE
4022535,645555,BACITRACIN/POLYMYXIN B
4024224,646781,BENZOYL PEROXIDE/CLINDAMYCIN
4025878,647235,GLIMEPIRIDE/PIOGLITAZONE
4024115,662263,DORZOLAMIDE/TIMOLOL
4023138,687078,ACETAMINOPHEN/ASPIRIN
4023711,687195,ALLANTOIN/COAL TAR
4023330,687198,ALUMINUM HYDROXIDE/MAGNESIUM TRISILICATE
4024362,687306,DEXTRAN 70/HYPROMELLOSE
4024337,687333,ESTRADIOL/LEVONORGESTREL
4022366,687351,FLUOCINOLONE/NEOMYCIN
4023050,689241,ANTIPYRINE/HYDROCORTISONE/NEOMYCIN/POLYMYXIN B
4023235,689242,ANTIPYRINE/PHENYLEPHRINE
4022764,689245,APROBARBITAL/BUTABARBITAL/PHENOBARBITAL
4023733,689254,ASCORBIC ACID/BIOFLAVONOIDS
4022796,689256,ASCORBIC ACID/CHLORPHENIRAMINE/PHENYLPROPANOLAMINE/PYRILAMINE
4022472,689288,CHLORAMPHENICOL/HYDROCORTISONE/POLYMYXIN B
4022533,689289,CHLORCYCLIZINE/HYDROCORTISONE
4022665,689299,CHLOROPHYLL/PAPAIN/UREA
4022231,689303,CHLOROQUINE/PRIMAQUINE
4023265,689304,FLUOROMETHOLONE/SULFACETAMIDE
4022868,689306,FLURANDRENOLIDE/NEOMYCIN
4022461,689343,NYSTATIN/OXYTETRACYCLINE
4022710,689371,CHLOROXYLENOL/HYDROCORTISONE/PRAMOXINE
4022983,689379,"CHLORPHENIRAMINE/CODEINE/GLYCEROL,IODINATED"
4022942,689380,CHLORPHENIRAMINE/CODEINE/PHENYLEPHRINE
4023054,689381,CHLORPHENIRAMINE/CODEINE/PHENYLEPHRINE/PHENYLPROPANOLAMINE
4023029,689383,CHLORPHENIRAMINE/CODEINE/PHENYLPROPANOLAMINE
4022594,689387,CHLORPHENIRAMINE/DEXTROMETHORPHAN/GUAIFENESIN/PHENYLEPHRINE
4022691,689389,CHLORPHENIRAMINE/DEXTROMETHORPHAN/PHENYLEPHRINE
4023351,689391,CHLORPHENIRAMINE/DEXTROMETHORPHAN/PHENYLPROPANOLAMINE
4022798,689394,CHLORPHENIRAMINE/EPHEDRINE
4022707,689395,CHLORPHENIRAMINE/EPHEDRINE/GUAIFENESIN/HYDRIODIC ACID
4022886,689396,CHLORPHENIRAMINE/EPHEDRINE/GUAIFENESIN/PHENOBARBITAL/THEOPHYLLIN
4022774,689401,CHLORPHENIRAMINE/GUAIFENESIN/PHENYLPROPANOLAMINE
4023635,689410,CHLORPHENIRAMINE/HYDROCORTISONE/PHENIRAMINE/PYRILAMINE
4022951,689425,GLYCERIN/KAOLIN/SODIUM FLUORIDE
4023507,689428,GLYCERIN/LYSINE
4024237,689436,GLYCERIN/PROPYLENE GLYCOL
4023707,689438,GLYCERIN/SALICYLIC ACID
4024254,689441,GLYCERIN/SODIUM CHLORIDE
4022382,689443,"GLYCEROL,IODINATED/THEOPHYLLINE"
4023527,689453,GUAIACOL/METHYL SALICYLATE
4022432,689455,GUAIFENESIN/HYDROCODONE/PHENINDAMINE
4022692,689458,GUAIFENESIN/HYDROCODONE/PHENYLPROPANOLAMINE/SALICYLAMIDE
4022393,689460,GUAIFENESIN/HYDROMORPHONE
4022462,689466,OXYTETRACYCLINE/PHENAZOPYRIDINE/SULFAMETHIZOLE
4022460,689467,OXYTETRACYCLINE/POLYMYXIN B
4023151,689489,ASCORBIC ACID/DOCUSATE/FERROUS FUMARATE
4023153,689494,ASCORBIC ACID/HESPERIDIN
4023202,689498,ASCORBIC ACID/NIACIN
4023682,689502,ASPIRIN/ALUMINUM HYDROXIDE/CALCIUM CARBONATE/MAGNESIUM HYDROXIDE
4023116,689502,ALUMINUM HYDROXIDE/ASPIRIN/CALCIUM CARBONATE/MAGNESIUM HYDROXIDE
4023666,689507,ASPIRIN/BUTALBITAL/CAFFEINE/PHENACETIN
4022815,689509,ASPIRIN/CAFFEINE/CHLORPHENIRAMINE
4022093,689511,ASPIRIN/CAFFEINE/CODEINE
4022186,689512,ASPIRIN/CAFFEINE/DIHYDROCODEINE
4022874,689513,ASPIRIN/CAFFEINE/DIHYDROCODEINE/PROMETHAZINE
4022847,689515,ASPIRIN/CAFFEINE/HYDROCODONE
4022750,689516,ASPIRIN/CAFFEINE/IPECAC/OPIUM
4022092,689518,ASPIRIN/CAFFEINE/PROPOXYPHENE
4023558,689519,ASPIRIN/CAFFEINE/SALICYLAMIDE
4022379,689522,ASPIRIN/CARISOPRODOL/CODEINE
4024962,689524,ASPIRIN/CITRIC ACID/SODIUM BICARBONATE
4022883,689529,ASPIRIN/ETHOHEPTAZINE/MEPROBAMATE
4023053,689540,ASPIRIN/PROMETHAZINE/PSEUDOEPHEDRINE
4023120,689541,ASPIRIN/PROPOXYPHENE
4023359,689551,ACETAMINOPHEN/ASPIRIN/CAFFEINE/CALCIUM GLUCONATE
4022869,689552,ACETAMINOPHEN/ASPIRIN/CAFFEINE/CODEINE/SALICYLAMIDE
4022607,689553,ACETAMINOPHEN/ASPIRIN/CAFFEINE/HYDROCODONE
4023204,689554,ACETAMINOPHEN/ASPIRIN/CAFFEINE/SALICYLAMIDE
4022817,689555,ACETAMINOPHEN/ASPIRIN/CODEINE
4023496,689556,ACETAMINOPHEN/ASPIRIN/PHENYLPROPANOLAMINE
4022948,689557,ACETAMINOPHEN/ATROPINE/ETHAVERINE/SALICYLAMIDE
4023740,689558,ACETAMINOPHEN/BROMPHENIRAMINE/PSEUDOEPHEDRINE
4022838,689561,ACETAMINOPHEN/BUTALBITAL/CAFFEINE/CODEINE
4023020,689562,ACETAMINOPHEN/BUTALBITAL/CAFFEINE/HYDROCODONE
4022544,689563,ACETAMINOPHEN/BUTALBITAL/CODEINE
4022916,689566,ACETAMINOPHEN/CAFFEINE/CHLORPHENIRAMINE/PHENYLEPHRINE/PYRILAMINE
4023680,689567,ACETAMINOPHEN/CAFFEINE/CHLORPHENIRAMINE/PHENYLPROPANOLAMINE
4022809,689568,ACETAMINOPHEN/CAFFEINE/CODEINE/SALICYLAMIDE
4022185,689569,ACETAMINOPHEN/CAFFEINE/DIHYDROCODEINE
4023769,689570,ACETAMINOPHEN/CAFFEINE/GUAIFENESIN/PHENYLEPHRINE
4023039,689572,ACETAMINOPHEN/CAFFEINE/ISOMETHEPTENE
4023487,689573,ACETAMINOPHEN/CAFFEINE/PHENYLPROPANOLAMINE/PYRILAMINE
4023206,689574,ACETAMINOPHEN/CAFFEINE/PHENYLPROPANOLAMINE/SALICYLAMIDE
4023660,689576,ACETAMINOPHEN/CALCIUM CARBONATE
4022363,689579,ACETAMINOPHEN/CHLORPHENIRAMINE/CODEINE/PHENYLEPHRINE
4022690,689580,ACETAMINOPHEN/CHLORPHENIRAMINE/DEXTROMETHORPHAN/PHENYLEPHRINE
4023215,689582,ACETAMINOPHEN/CHLORPHENIRAMINE/DEXTROMETHORPHAN/PSEUDOEPHEDRINE
4022454,689583,ACETAMINOPHEN/CHLORPHENIRAMINE/PHENYLEPHRINE
4022709,689584,ACETAMINOPHEN/CHLORPHENIRAMINE/PHENYLEPHRINE/PYRILAMINE
4022794,689585,ACETAMINOPHEN/CHLORPHENIRAMINE/PHENYLEPHRINE/SALICYLAMIDE
4023092,689593,ATROPINE/BROMPHENIRAMINE/PHENYLTOLOXAMINE/PSEUDOEPHEDRINE
4023041,689595,ATROPINE/CHLORPHENIRAMINE
4022797,689596,ATROPINE/CHLORPHENIRAMINE/EPHEDRINE
4022871,689597,ATROPINE/CHLORPHENIRAMINE/HYOSCYAMINE/PHENYLEPHRINE/SCOPOLAMINE
4022615,689598,ATROPINE/CHLORPHENIRAMINE/PHENYLEPHRINE/PHENYLTOLOXAMINE
4022904,689599,ATROPINE/CHLORPHENIRAMINE/PHENYLPROPANOLAMINE
4022348,689606,ATROPINE/HYOSCYAMINE/PHENOBARBITAL/SCOPOLAMINE
4022925,689608,ATROPINE/KAOLIN/PHENOBARBITAL
4022230,689609,ATROPINE/MEPERIDINE
4022350,689610,ATROPINE/MORPHINE
4022818,689611,ATROPINE/NEOSTIGMINE
4022443,689615,ATROPINE/PREDNISOLONE
4022532,689623,BACITRACIN/HYDROCORTISONE/NEOMYCIN/POLYMYXIN B
4023448,689625,BACITRACIN/LIDOCAINE/POLYMYXIN B
4024331,689629,BACITRACIN/POLYMYXIN B/PRAMOXINE
4024070,689632,CHLORPHENIRAMINE/METHSCOPOLAMINE/PSEUDOEPHEDRINE
4022546,689633,CHLORPHENIRAMINE/PHENINDAMINE/PHENYLPROPANOLAMINE
4022687,689635,CHLORPHENIRAMINE/PHENYLEPHRINE/PHENYLPROPANOLAMINE
4022371,689637,CHLORPHENIRAMINE/PHENYLEPHRINE/PHENYLPROPANOLAMINE/PYRILAMINE
4022865,689638,CHLORPHENIRAMINE/PHENYLEPHRINE/PHENYLTOLOXAMINE
4022779,689641,CHLORPHENIRAMINE/PHENYLPROPANOLAMINE/PSEUDOEPHEDRINE
4022795,689642,CHLORPHENIRAMINE/PHENYLPROPANOLAMINE/PYRILAMINE
4022901,689704,HEXACHLOROPHENE/HYDROCORTISONE/MENTHOL
4023759,689708,HOMATROPINE/OPIUM/PECTIN
4022536,689714,HYDRALAZINE/RESERPINE
4023216,689716,HYDROCHLOROTHIAZIDE/LABETALOL
4022397,689737,PHENAZOPYRIDINE/SULFAMETHIZOLE
4022604,689741,PHENIRAMINE/PHENYLPROPANOLAMINE/PHENYLTOLOXAMINE/PYRILAMINE
4022390,689742,PHENIRAMINE/PHENYLPROPANOLAMINE/PYRILAMINE
4022468,689744,PHENOBARBITAL/PHENYTOIN
4022929,689745,PHENOBARBITAL/POTASSIUM IODIDE/SODIUM BICARBONATE/THEOBROMINE
4022771,689746,PHENOBARBITAL/SODIUM NITRITE
4022642,689750,PHENYLEPHRINE/PHENYLPROPANOLAMINE/PSEUDOEPHEDRINE
4022932,689752,PHENYLEPHRINE/PREDNISOLONE/SULFACETAMIDE
4022703,689755,PHENYLEPHRINE/SCOPOLAMINE
4023263,689756,PHENYLEPHRINE/SULFACETAMIDE
4023374,689757,PHENYLEPHRINE/ZINC SULFATE
4023694,689760,PHOSPHORUS/POTASSIUM
4022624,689762,ACETAMINOPHEN/CHLORPHENIRAMINE/PHENYLPROPANOLAMINE
4022560,689764,ACETAMINOPHEN/CHLORPHENIRAMINE/PHENYLPROPANOLAMINE/SALICYLAMIDE
4023101,689765,ACETAMINOPHEN/CHLORPHENIRAMINE/PSEUDOEPHEDRINE
4023531,689767,ACETAMINOPHEN/CINNAMEDRINE/PAMABROM
4022662,689769,ACETAMINOPHEN/CODEINE/GUAIFENESIN/PHENYLPROPANOLAMINE
4023585,689775,ACETAMINOPHEN/DEXTROMETHORPHAN/GUAIFENESIN
4023106,689776,ACETAMINOPHEN/DEXTROMETHORPHAN/GUAIFENESIN/PHENYLEPHRINE
4022910,689777,ACETAMINOPHEN/DEXTROMETHORPHAN/GUAIFENESIN/PHENYLPROPANOLAMINE
4023327,689778,ACETAMINOPHEN/DEXTROMETHORPHAN/GUAIFENESIN/PSEUDOEPHEDRINE
4023690,689779,ACETAMINOPHEN/DEXTROMETHORPHAN/PHENYLEPHRINE/PYRILAMINE
4023205,689780,ACETAMINOPHEN/DEXTROMETHORPHAN/PHENYLPROPANOLAMINE
4022643,689783,ACETAMINOPHEN/DIHYDROCODEINE/SALICYLAMIDE
4024967,689785,ACETAMINOPHEN/DIPHENHYDRAMINE/PHENYLEPHRINE
4023399,689786,ACETAMINOPHEN/DIPHENHYDRAMINE/PSEUDOEPHEDRINE
4022233,689788,ACETAMINOPHEN/MEPERIDINE
4022813,689794,ACETAMINOPHEN/PHENOBARBITAL
4023207,689796,ACETAMINOPHEN/PHENYLPROPANOLAMINE
4022466,689797,ACETAMINOPHEN/PHENYLPROPANOLAMINE/PHENYLTOLOXAMINE
4022822,689799,ACETAMINOPHEN/PHENYLTOLOXAMINE/SALICYLAMIDE
4023214,689802,ACETAMINOPHEN/PSEUDOEPHEDRINE/TRIPROLIDINE
4022943,689841,CITRIC ACID/POTASSIUM CITRATE/SODIUM CITRATE
4022650,689842,CITRIC ACID/SIMETHICONE/SODIUM BICARBONATE
4022559,689865,CLIOQUINOL/COAL TAR/HYDROCORTISONE
4022645,689867,CLIOQUINOL/HYDROCORTISONE/PRAMOXINE
4023881,689878,COAL TAR/MENTHOL
4023729,689879,COAL TAR/MENTHOL/SALICYLIC ACID
4022807,689880,COAL TAR/POLYSORBATE 80
4022804,689881,COAL TAR/SALICYLIC ACID
4022826,689888,CODEINE/EPHEDRINE/GUAIFENESIN
4022866,689891,CODEINE/GUAIFENESIN/PHENIRAMINE
4022216,689910,HYDROCODONE/PHENYLTOLOXAMINE
4022766,689914,HYDROCORTISONE/ISOPROPYL ALCOHOL/RESORCINOL/SULFUR
4022541,689920,HYDROCORTISONE/POLYMYXIN B
4022760,689922,HYDROCORTISONE/SALICYLIC ACID/SULFUR
4023028,689923,HYDROCORTISONE/SULFUR/ZINC OXIDE
4023445,689929,HYDROGEN PEROXIDE/POVIDONE IODINE
4023735,689930,HYDROGEN PEROXIDE/SODIUM BICARBONATE
4022463,689937,HYDROXYZINE/OXYPHENCYCLIMINE
4022091,689963,POTASSIUM ACETATE/POTASSIUM BICARBONATE/POTASSIUM CITRATE
4022557,690016,ALLANTOIN/AMINACRINE/SULFISOXAZOLE
4022380,690054,BENACTYZINE/MEPROBAMATE
4022104,690057,BENDROFLUMETHIAZIDE/POTASSIUM CHLORIDE
4024212,690077,BENZALKONIUM/LIDOCAINE
4022837,690082,CODEINE/GUAIFENESIN/PHENYLEPHRINE
4022790,690085,CODEINE/GUAIFENESIN/PSEUDOEPHEDRINE/TRIPROLIDINE
4022856,690088,CODEINE/MENTHOL/PHENIRAMINE/PHENYLEPHRINE
4023478,690089,CODEINE/PAPAVERINE
4023624,690093,CODEINE/PHENYLEPHRINE/PSEUDOEPHEDRINE
4023089,690095,CODEINE/PHENYLPROPANOLAMINE/PROMETHAZINE
4022748,690096,CODEINE/POTASSIUM CITRATE
4023686,690101,CODEINE/PYRILAMINE
4022089,690102,CODEINE/TERPIN HYDRATE
4024122,690105,COLISTIN/HYDROCORTISONE/NEOMYCIN/THONZONIUM
4024361,690133,HYPROMELLOSE/NAPHAZOLINE
4022227,690161,PREDNISOLONE/SULFACETAMIDE
4022180,690166,PROMETHAZINE/PSEUDOEPHEDRINE
4022139,690185,QUINETHAZONE/RESERPINE
4022988,690195,ACETIC ACID/ALUMINUM SULFATE
4022346,690201,ACETIC ACID/DESONIDE
4023592,690205,ACETIC ACID/SALICYLIC ACID
4022740,690245,BENZOCAINE/BISMUTH SUBNITRATE/CERIUM OXALATE
4022898,690247,BENZOCAINE/BUTAMBEN/TETRACAINE
4022816,690250,BENZOCAINE/CALCIUM CARBONATE/MAGNESIUM CARBONATE/PHENOBARBITAL
4023883,690254,BENZOCAINE/CETALKONIUM CHLORIDE
4023183,690271,BENZOCAINE/METHYL SALICYLATE
4023583,690276,BENZOCAINE/PHENYLEPHRINE/PHENYLPROPANOLAMINE
4022882,690300,CRYPTENAMINE/METHYCLOTHIAZIDE
4022442,690312,CYCLOPENTOLATE/PHENYLEPHRINE
4022204,690313,CYCLOPHOSPHAMIDE/MANNITOL
4023492,690316,DANTHRON/DOCUSATE
4023580,690329,RESORCINOL/SULFUR
4025294,690419,BETAMETHASONE/CALCIPOTRIENE
4023669,690451,BISMUTH SUBCARBONATE/KAOLIN/PECTIN
4022846,690452,BISMUTH SUBCARBONATE/MORPHINE
4024335,690466,DEXCHLORPHENIRAMINE/DEXTROMETHORPHAN/PSEUDOEPHEDRINE
4022539,690467,DEXCHLORPHENIRAMINE/GUAIFENESIN/PSEUDOEPHEDRINE
4022210,690474,DEXTRAN 70/SODIUM CHLORIDE
4023027,690479,DEXTROMETHORPHAN/DYPHYLLINE/PSEUDOEPHEDRINE
4023194,690492,DEXTROMETHORPHAN/TERPIN HYDRATE
4022934,690503,IODINE/POTASSIUM IODIDE/ZINC PHENOLSULFONATE
4022224,690527,SODIUM BICARBONATE/TARTARIC ACID
4022926,690608,BISMUTH SUBNITRATE/CALCIUM CARBONATE/MAGNESIUM CARBONATE
4023221,690610,BISMUTH SUBSALICYLATE/CALCIUM CARBONATE
4023026,690647,BROMPHENIRAMINE/CODEINE/PHENYLEPHRINE
4022629,690679,DICYCLOMINE/PHENOBARBITAL
4022086,690681,DIETHYLSTILBESTROL/METHYLTESTOSTERONE
4022839,690685,DIMENHYDRINATE/NIACIN
4022623,690688,DIPERODON/HYDROCORTISONE/ZINC OXIDE
4022966,690690,DIPHENHYDRAMINE/GUAIFENESIN/MENTHOL/SODIUM CITRATE
4024288,690691,DIPHENHYDRAMINE/HYDROCORTISONE
4022903,690692,DIPHENHYDRAMINE/PHENOL
4024339,690693,DIPHENHYDRAMINE/PHENYLEPHRINE
4022626,690700,ISOPROPAMIDE/PROCHLORPERAZINE
4023318,690713,KAOLIN/PAREGORIC/PECTIN
4023641,690733,LANOLIN/MINERAL OIL
4023126,690737,LANOLIN/MINERAL OIL/PETROLATUM
4022446,690740,SULFACETAMIDE/SULFUR
4022088,690741,SULFADIAZINE/SULFAMERAZINE/SULFAMETHAZINE
4023259,690767,TETRAHYDROZOLINE/ZINC SULFATE
4023504,690771,ALUMINUM HYDROXIDE/MAGNESIUM TRISILICATE/PHENYLBUTAZONE
4023032,690787,AMINOPHYLLINE/EPHEDRINE
4022572,690788,AMINOPHYLLINE/EPHEDRINE/GUAIFENESIN/PHENOBARBITAL
4022579,690789,AMINOPHYLLINE/EPHEDRINE/PHENOBARBITAL
4022571,690790,AMINOPHYLLINE/EPHEDRINE/PHENOBARBITAL/POTASSIUM IODIDE
4022580,690792,AMINOPHYLLINE/PHENOBARBITAL
4022568,690793,AMINOPHYLLINE/POTASSIUM IODIDE
4022931,690802,AMMONIUM CHLORIDE/ANTIMONY POTASSIUM TARTRATE/IPECAC
4023051,690804,AMMONIUM CHLORIDE/CHLORPHENIRAMINE/CODEINE/PHENYLEPHRINE
4022355,690808,BROMPHENIRAMINE/DEXTROMETHORPHAN/PSEUDOEPHEDRINE
4022821,690811,BROMPHENIRAMINE/GUAIFENESIN/PSEUDOEPHEDRINE
4022434,690812,BROMPHENIRAMINE/PHENYLEPHRINE/PHENYLPROPANOLAMINE
4023093,690813,BROMPHENIRAMINE/PHENYLEPHRINE/PHENYLTOLOXAMINE
4022547,690824,BUTABARBITAL/EPHEDRINE/GUAIFENESIN/THEOPHYLLINE
4022842,690825,BUTABARBITAL/EPINEPHRINE/THEOPHYLLINE
4022558,690828,BUTABARBITAL/PHENOBARBITAL/SECOBARBITAL
4023484,690832,CAFFEINE/PHENACETIN/SALICYLAMIDE/STYRAMATE
4023323,690835,CALAMINE/CAMPHOR/DIPHENHYDRAMINE
4023276,690837,CALAMINE/DIPHENHYDRAMINE
4023275,690841,CALAMINE/PHENOL/ZINC OXIDE
4023765,690847,DIPHENHYDRAMINE/TRIPELENNAMINE
4023405,690848,DIPHENHYDRAMINE/ZINC OXIDE
4023059,690893,LIDOCAINE/POVIDONE IODINE
4023058,690895,LIDOCAINE/SODIUM CHLORIDE
4023031,690902,LITHIUM CARBONATE/SODIUM CHLORIDE
4023422,690989,ALUMINUM ACETATE/CAMPHOR/MENTHOL/PHENOL
4023421,690990,ALUMINUM ACETATE/ZINC OXIDE
4022449,690996,ALUMINUM HYDROXIDE/ASPIRIN/CODEINE/MAGNESIUM HYDROXIDE
4023483,690997,ALUMINUM HYDROXIDE/ASPIRIN/MAGNESIUM HYDROXIDE
4024312,691005,CALCIUM CARBONATE/FAMOTIDINE/MAGNESIUM HYDROXIDE
4023446,691006,CALCIUM CARBONATE/FERROUS FUMARATE/VITAMIN D
4023324,691008,CALCIUM CARBONATE/GLYCINE
4023774,691010,CALCIUM CARBONATE/MAGNESIUM CARBONATE/MAGNESIUM OXIDE
4024381,691012,CALCIUM CARBONATE/MAGNESIUM CARBONATE/VITAMIN D
4022863,691014,CALCIUM CARBONATE/MAGNESIUM HYDROXIDE/PHENOBARBITAL
4023219,691015,CALCIUM CARBONATE/MAGNESIUM HYDROXIDE/SIMETHICONE
4023199,691017,CALCIUM CARBONATE/PECTIN
4022768,691018,CALCIUM CARBONATE/PHENOBARBITAL
4023884,691025,CALCIUM CITRATE/VITAMIN A/VITAMIN D
4022792,691027,CALCIUM CREOSOTATE/IODINE
4022981,691028,CALCIUM GLUCONATE/NIACINAMIDE/PHENOBARBITAL
4022702,691030,CALCIUM GLYCEROPHOSPHATE/CALCIUM LEVULINATE
4022503,691032,CALCIUM IODIDE/CODEINE
4022513,691033,CALCIUM IODIDE/ISOPROTERENOL
4022375,691072,DYPHYLLINE/EPHEDRINE/GUAIFENESIN/PHENOBARBITAL
4022142,691129,MEPROBAMATE/TRIDIHEXETHYL
4023526,691137,METHACHOLINE/METHYL SALICYLATE
4022598,691138,METHENAMINE/POTASSIUM PHOSPHATE
4022515,691142,METHYCLOTHIAZIDE/PARGYLINE
4023075,691161,YOHIMBINE/ZINC SULFATE
4022955,691169,ANTAZOLINE/NAPHAZOLINE
4023305,691179,CAMPHOR/EUCALYPTUS OIL/MENTHOL/METHYL SALICYLATE
4023170,691188,CAMPHOR/MENTHOL/METHYL SALICYLATE
4022877,691205,CARAMIPHEN/CHLORPHENIRAMINE/ISOPROPAMIDE/PHENYLPROPANOLAMINE
4022501,691217,CARBINOXAMINE/DEXTROMETHORPHAN/PSEUDOEPHEDRINE
4022573,691226,EPHEDRINE/GUAIFENESIN/PHENOBARBITAL/THEOPHYLLINE
4022742,691231,EPHEDRINE/PHENOBARBITAL
4022394,691232,EPHEDRINE/PHENOBARBITAL/POTASSIUM IODIDE/THEOPHYLLINE
4022684,691235,EPHEDRINE/SECOBARBITAL
4022891,691245,EPINEPHRINE/PILOCARPINE
4022920,691247,EPINEPHRINE/ZINC CHLORIDE
4022705,691251,ERGOTAMINE/HYOSCYAMINE/PHENOBARBITAL
4032299,691286,PETROLATUM/MINERAL OIL
4023283,691286,MINERAL OIL/PETROLATUM
4023451,691307,AMMONIUM CHLORIDE/IPECAC
4023479,691318,AMOBARBITAL/EPHEDRINE
4023674,691339,AMYLASE/PAPAIN
4023493,691346,CARBOXYMETHYLCELLULOSE/CASANTHRANOL/DOCUSATE
4023494,691347,CARBOXYMETHYLCELLULOSE/DOCUSATE
4023173,691348,CARBOXYMETHYLCELLULOSE/DOCUSATE/PHENOLPHTHALEIN
4023568,691432,NAPHAZOLINE/PHENYLEPHRINE/PYRILAMINE
4023264,691433,NAPHAZOLINE/ZINC SULFATE
4023052,691444,NIACIN/NIACINAMIDE/PHENOBARBITAL
4022964,691447,NIACIN/PENTYLENETETRAZOL
4023070,691448,NIACIN/PHENIRAMINE
4023508,692568,ALUMINUM HYDROXIDE/MAGNESIUM HYDROXIDE/MAGNESIUM TRISILICATE
4023174,692570,BACITRACIN/DIPERODON/NEOMYCIN/POLYMYXIN B
4022195,692572,BACITRACIN/NEOMYCIN/POLYMYXIN B
4022534,692794,GRAMICIDIN/NEOMYCIN/POLYMYXIN B
4022099,692960,AMPHOTERICIN B/TETRACYCLINE
4022753,692979,ESTRADIOL/HYDROXYPROGESTERONE
4022660,692987,ESTRONE/PROGESTERONE
4022661,692988,ESTRONE/TESTOSTERONE
4022187,692993,ETHINYL ESTRADIOL/FLUOXYMESTERONE
4022203,693000,ETHYNODIOL/MESTRANOL
4022228,693010,NEOMYCIN/POLYMYXIN B/PREDNISOLONE
4022189,693011,NEOMYCIN/PREDNISOLONE
4022734,700826,LEVONORDEFRIN/MEPIVACAINE
4023307,705033,NIACIN/RIBOFLAVIN/THIAMINE
4023502,705040,IODINE/SODIUM IODIDE
4023118,705056,ALUMINUM HYDROXIDE/CALCIUM CARBONATE/MAGNESIUM HYDROXIDE
4023124,705058,ALUMINUM SULFATE/CALCIUM ACETATE
4022921,705062,SODIUM FLUORIDE/SODIUM PHOSPHATE
4026038,705258,ACETAMINOPHEN/DEXTROMETHORPHAN/DOXYLAMINE
4026037,705259,ACETAMINOPHEN/DEXTROMETHORPHAN/PHENYLEPHRINE
4023879,710957,BETA CAROTENE/VITAMIN A
4026170,725123,CARBOXYMETHYLCELLULOSE/GLYCERIN
4026499,729455,AMLODIPINE/VALSARTAN
4026111,729717,METFORMIN/SITAGLIPTIN
4023898,74169,PIPERACILLIN/TAZOBACTAM
4026971,792171,BUPIVACAINE/HYDROMORPHONE
4027436,797426,NAPROXEN/SUMATRIPTAN
4027812,802519,ALISKIREN/HYDROCHLOROTHIAZIDE
4028639,802646,METFORMIN/REPAGLINIDE
4027344,803516,NIACIN/SIMVASTATIN
4031409,815166,DEXTROMETHORPHAN/DOXYLAMINE
4024334,817496,HYDROCHLOROTHIAZIDE/OLMESARTAN
4022128,817579,ACETAMINOPHEN/CODEINE
4030911,818496,ASPIRIN/CHLORPHENIRAMINE/PHENYLEPHRINE
4024223,840781,ETHINYL ESTRADIOL/DROSPIRENONE
4030143,840781,DROSPIRENONE/ETHINYL ESTRADIOL
4028725,852897,AMLODIPINE/HYDROCHLOROTHIAZIDE/VALSARTAN
4028809,858027,GLYCERIN/NAPHAZOLINE
4029226,866331,MORPHINE/NALTREXONE
4023226,883815,DEXAMETHASONE/TOBRAMYCIN
4029467,900937,ALISKIREN/VALSARTAN
4029652,901212,AMLODIPINE/TELMISARTAN
4023018,91198,CITRIC ACID/SODIUM CITRATE
4023108,97016,VITAMIN A/VITAMIN D
4029842,994194,DIPHENHYDRAMINE/LIDOCAINE/NYSTATIN
4030138,994202,ESOMEPRAZOLE/NAPROXEN
4029974,994203,DIENOGEST/ESTRADIOL
