CODE,RXCUI,STR,RXCUI1,RXCUI2
4018688,658,"AMINO ACIDS",NULL,NULL
4024201,1111,ARSENIC,NULL,NULL
4017652,1895,CALCIUM,NULL,NULL
4022490,3793,ELECTROLYTES,NULL,NULL
4020526,4297,"FATTY ACID",NULL,NULL
4024348,4384,"FIBRIN SEALANT",NULL,NULL
4021354,4419,"FISH OIL",NULL,NULL
4020209,5508,"HYDROPHILIC OINTMENT",NULL,NULL
4019974,5720,"GLOBULIN,IMMUNE",NULL,NULL
4022112,5806,INFLUENZA,NULL,NULL
4019786,5856,INSULIN,NULL,NULL
4018251,5956,IOHEXOL,NULL,NULL
4023771,6420,LIPOMUL,NULL,NULL
4018226,6920,METRIZAMIDE,NULL,NULL
4028810,6977,MINERALS,NULL,NULL
4018881,8382,"PLAGUE VACCINE",NULL,NULL
4022124,8471,"POLIOVIRUS VACCINE",NULL,NULL
4018053,9097,"RABIES VACCINE",NULL,NULL
4021138,9473,ROTAVIRUS,NULL,NULL
4024454,9530,"SALIVA,ARTIFICIAL",NULL,NULL
4020392,9641,SELENIUM,NULL,NULL
4021499,9785,SILVER,NULL,NULL
4022222,10346,TECHNETIUM,NULL,NULL
4032942,10682,"TRACE ELEMENTS",NULL,NULL
4018037,10953,"TYPHOID VACCINE",NULL,NULL
4022620,21180,"ANTICOAGULANT CITRATE DEXTROSE PHOSPHATE",NULL,NULL
4020572,25483,GADOTERIDOL,NULL,NULL
4029771,27203,HYDROGEL,NULL,NULL
4020929,27781,IOPROMIDE,NULL,NULL
4020983,27792,IOVERSOL,NULL,NULL
4022488,35629,"LACTATED RINGER'S",NULL,NULL
4023638,36873,SPECTRO-JEL,NULL,NULL
4023068,38686,SULFAMETHIZOLE/TRIMETHOPRIM,NULL,NULL
4024016,39641,VIVONEX,NULL,NULL
4023831,42473,CATHETER,NULL,NULL
4023779,42704,POLYCOSE,NULL,NULL
4023734,42934,TOCOPHEROL,NULL,NULL
4023928,56458,"CALCIUM/SODIUM ALGINATE",NULL,NULL
4020663,59478,EUCERIN,NULL,NULL
4023703,62878,"CONTACT LENS CLEANING SOLUTION",NULL,NULL
4023860,69418,OSMOLITE,NULL,NULL
4023777,70028,ENSURE,NULL,NULL
4024219,82039,LUBRICANT,NULL,NULL
4023339,89680,"GREEN SOAP TINCTURE",NULL,NULL
4022115,89905,MULTIVITAMINS,NULL,NULL
4017653,90176,IRON,NULL,NULL
4022494,91211,"FAT EMULSION",NULL,NULL
4022410,91436,"CORTICOTROPIN/ZINC HYDROXIDE",NULL,NULL
4017585,91535,"SODIUM IODIDE,I-131",NULL,NULL
4017584,91540,"IODOHIPPURATE SODIUM,I-131",NULL,NULL
4018183,91555,"FERROUS CITRATE,FE-59",NULL,NULL
4023869,92712,FIBRAD,NULL,NULL
4023377,93577,NURSOY,NULL,NULL
4024181,105543,"LUBRICANT,VAGINAL",NULL,NULL
4023452,105658,"FOLIC ACID/IRON",NULL,NULL
4021501,106453,"ANTHRAX VACCINE",NULL,NULL
4022125,106467,"PNEUMOCOCCAL VACCINE",NULL,NULL
4023230,107060,PERFLUOROCHEMICAL,NULL,NULL
4024061,107301,PEPTAMEN,NULL,NULL
4022235,107605,BUPIVACAINE/DEXTROSE,NULL,NULL
4023693,108173,CALCIUM/MAGNESIUM,NULL,NULL
4021337,114500,DANSHEN,NULL,NULL
4022682,124151,"ALLERGENIC EXTRACT",NULL,NULL
4034278,126368,"DRESSING,CALCIUM ALGINATE",NULL,NULL
4019547,142006,"BALANCED SALT SOLUTION",NULL,NULL
4019423,142207,"SULFONATED CASTOR OIL",NULL,NULL
4023308,142218,"CAFFEINE/SODIUM BENZOATE",NULL,NULL
4023113,142222,LOTION,NULL,NULL
4023954,151981,LIPOFLAVONOID,NULL,NULL
4023863,152213,PERATIVE,NULL,NULL
4024013,169483,KERODEX,NULL,NULL
4024120,214231,AMOXICILLIN/CLARITHROMYCIN/LANSOPRAZOLE,NULL,NULL
4022176,214284,BELLADONNA/OPIUM,NULL,NULL
4022106,214289,"BENDROFLUMETHIAZIDE/RAUWOLFIA SERPENTINA",NULL,NULL
4022591,214391,CHLORPHENIRAMINE/EPINEPHRINE,NULL,NULL
4022368,214420,"CHOLINE SALICYLATE/MAGNESIUM SALICYLATE",NULL,NULL
4022101,214497,DIATRIZOATE/IODIPAMIDE,NULL,NULL
4023013,214630,"HYDROCODONE/POTASSIUM GUAIACOLSULFONATE",NULL,NULL
4024123,214656,"INTERFERON ALFA-2B/RIBAVIRIN",NULL,NULL
4022120,214714,FLUORIDE/MULTIVITAMINS,NULL,NULL
4022425,214715,IRON/MULTIVITAMINS,NULL,NULL
4022548,214790,"POTASSIUM BICARBONATE/POTASSIUM CHLORIDE",NULL,NULL
4022597,214794,"POTASSIUM PHOSPHATE/SODIUM PHOSPHATE",NULL,NULL
4023375,214933,AK-RINSE,NULL,NULL
4023381,215170,"ALPHA KERI",NULL,NULL
4022909,215272,ANATUSS,NULL,NULL
4023560,215377,AQUADERM,NULL,NULL
4026503,215488,AVEENO,NULL,NULL
4022450,215601,BELLADONNA/PHENOBARBITAL,NULL,NULL
4025296,215838,CALCIUM/MAGNESIUM/ZINC,NULL,NULL
4023261,215839,"CALCIUM/VITAMIN D",NULL,NULL
4024253,215898,CARMEX,NULL,NULL
4023930,215906,CARRINGTON,NULL,NULL
4023689,216078,"CLEANSING BAR",NULL,NULL
4022372,216269,COVANGESIC,NULL,NULL
4024459,216473,DERMABASE,NULL,NULL
4023313,217366,"GLYCERIN/ROSE WATER",NULL,NULL
4023387,218098,LOWILA,NULL,NULL
4022102,218488,MINERALS/MULTIVITAMINS,NULL,NULL
4023630,218690,NEPHRO-DERM,NULL,NULL
4023778,218755,NIVEA,NULL,NULL
4024067,218818,NUTRADERM,NULL,NULL
4023984,218910,BENZOCAINE/ORABASE,NULL,NULL
4023380,219234,PHISODERM,NULL,NULL
4023365,219551,QUELIDRINE,NULL,NULL
4022782,220363,TRACELYTE,NULL,NULL
4024460,220747,VANICREAM,NULL,NULL
4023950,221873,CASEC,NULL,NULL
4024004,221940,"CHOICE DM",NULL,NULL
4023456,222011,COMPLEAT,NULL,NULL
4023959,222078,"CRITICARE HN",NULL,NULL
4032007,222163,DIABETISOURCE,NULL,NULL
4023856,222676,GLUCERNA,NULL,NULL
4029076,222931,IMPACT,NULL,NULL
4024007,223021,ISOCAL,NULL,NULL
4023457,223027,ISOSOURCE,NULL,NULL
4023458,223030,"ISOSOURCE HN",NULL,NULL
4023459,223034,"ISOTEIN HN",NULL,NULL
4023858,223040,JEVITY,NULL,NULL
4023859,223420,NEPRO,NULL,NULL
4023866,223856,PULMOCARE,NULL,NULL
4020798,224666,ULTRA-KLENZ,NULL,NULL
4023946,224667,ULTRACAL,NULL,NULL
4024009,224967,MASSE,NULL,NULL
4023461,235368,"MULTIVITAMIN W/MINERALS",NULL,NULL
4022215,235439,"AMPHETAMINE RESIN COMPLEX",NULL,NULL
4024204,259315,GEMTUZUMAB,NULL,NULL
4019133,259475,GLYCYRRHIZA,NULL,NULL
4023454,261475,"CHROMAGEN OB",NULL,NULL
4023978,262172,"PROTAIN XL",NULL,NULL
4021301,262323,"IBRITUMOMAB TIUXETAN",NULL,NULL
4021315,265863,EPHEDRA,NULL,NULL
4021302,283753,PERFLUTREN,NULL,NULL
4028385,283830,GYMNEMA,NULL,NULL
4024451,308572,"BATH OIL",NULL,NULL
4024470,310483,"GENTLE CREAM",NULL,NULL
4024471,310484,"GERI SOFT LOTION",NULL,NULL
4023969,310959,"I S P LOTION",NULL,NULL
4024457,311738,"MOISTURIZING LOTION",NULL,NULL
4024456,313314,"THERA-P LOTION",NULL,NULL
4020001,314490,"ALUMINUM CHLOROHYDREX",NULL,NULL
4022110,314723,"MENINGOCOCCAL POLYSACCHARIDE",NULL,NULL
4024295,321581,GELCLAIR,NULL,NULL
4023412,352368,CHARCOAL/SORBITOL,NULL,NULL
4022498,352586,DEXTROSE/DOPAMINE,NULL,NULL
4024238,353195,NOVASOURCE,NULL,NULL
4032990,353209,PHENEX-2,NULL,NULL
4024235,360363,"CLOZAPINE (UDL)",NULL,NULL
4024234,360364,"CLOZAPINE (MYLAN)",NULL,NULL
4022362,392491,AMYLASE/LIPASE/PROTEASE,NULL,NULL
4024346,404807,LANSOPRAZOLE/NAPROXEN,NULL,NULL
4021154,451876,DENILEUKIN,NULL,NULL
4024048,465411,"BISMUTH SUBSALICYLATE/METRONIDAZOLE/TETRACYCLINE",NULL,NULL
4027435,465547,HYDROXYAMPHETAMINE/TROPICAMIDE,NULL,NULL
4022522,465675,LEVOTHYROXINE/LIOTHYRONINE,NULL,NULL
4024338,466458,"CYANOCOBALAMIN/FOLIC ACID/PYRIDOXINE",NULL,NULL
4022479,466461,ALCOHOL/DEXTROSE,NULL,NULL
4022517,466500,DEXTROSE/THEOPHYLLINE,NULL,NULL
4022202,466525,"ETHINYL ESTRADIOL/ETHYNODIOL DIACETATE",NULL,NULL
4024363,483627,EMTRICITABINE/TENOFOVIR,NULL,NULL
4020612,486008,CARA-KLENZ,NULL,NULL
4024453,490723,"UNNA BOOT",NULL,NULL
4019826,589822,METHICILLIN,NULL,NULL
4032654,589982,"ADENOVIRUS VACCINE",NULL,NULL
4024375,591195,SILVASORB,NULL,NULL
4024119,596723,CERIVASTATIN,NULL,NULL
4024949,597180,LOTEPREDNOL/TOBRAMYCIN,NULL,NULL
4022475,597500,DESOXYRIBONUCLEASE/FIBRINOLYSIN,NULL,NULL
4026635,602352,"GLUCERNA SELECT",NULL,NULL
4022484,604700,"DEXTROSE/LACTATED RINGER'S",NULL,NULL
4025703,605333,RADIAPLEXRX,NULL,NULL
4024073,605946,CEFTRIAXONE/LIDOCAINE,NULL,NULL
4025494,606666,MIMYX,NULL,NULL
4023338,607777,"GLYCERIN/WITCH HAZEL",NULL,NULL
4024953,608375,CALCIUM/RISEDRONATE,NULL,NULL
4024424,631832,"AROMATIC ELIXIR",NULL,NULL
4024241,636015,"ISOSOURCE VHN",NULL,NULL
4027907,637320,"GADOXETATE DISODIUM",NULL,NULL
4024318,644496,"LACTIC ACID/UREA",NULL,NULL
4025601,644897,EFAVIRENZ/EMTRICITABINE/TENOFOVIR,NULL,NULL
4028513,655650,"THROAT LOZENGE",NULL,NULL
4025455,655908,"PH SKIN CLEANSER",NULL,NULL
4024461,656193,"CONTACT LENS WETTING SOLN",NULL,NULL
4024914,670255,"GYMENMA SYLVESTRIS",NULL,NULL
4022765,689239,ANTIPYRINE/BENZOCAINE/GLYCERIN,NULL,NULL
4023561,689246,AQUA-A,NULL,NULL
4023639,689249,"AQUAPHILIC OINTMENT",NULL,NULL
4025099,689255,"ASCORBIC ACID/BIOFLAVONOIDS/CALCIUM",NULL,NULL
4023344,689257,"ASCORBIC ACID/CITRUS BIOFLAVONOIDS/HESPERIDIN COMPLEX/RUTIN",NULL,NULL
4022651,689258,"ASCORBIC ACID/CYANOCOBALAMIN/FERROUS FUMARATE",NULL,NULL
4023311,689259,"ASCORBIC ACID/CYANOCOBALAMIN/FERROUS FUMARATE/FOLIC ACID/INTRINS",NULL,NULL
4023360,689260,"ASCORBIC ACID/CYANOCOBALAMIN/FERROUS GLUCONATE/FOLIC ACID/GOLD",NULL,NULL
4022232,689261,"ASCORBIC ACID/CYANOCOBALAMIN/FERROUS GLUCONATE/INTRINSIC FACTOR",NULL,NULL
4023725,689262,"ASCORBIC ACID/CYANOCOBALAMIN/FOLIC ACID/IRON",NULL,NULL
4023166,689271,"CETEARYL ALCOHOL/GLYCERIN/MINERAL OIL/PETROLATUM/PROPYLENE GLYCO",NULL,NULL
4023623,689275,"CETYL ESTERS WAX/MINERAL OIL/SODIUM BORATE/WHITE WAX",NULL,NULL
4023968,689276,"CETYLPYRIDINIUM CHLORIDE/CHLOROPHYL COPPER COMPLEX",NULL,NULL
4023229,689277,"CETYLPYRIDINIUM CHLORIDE/CHLOROXYLENOL/HYDROCORTISONE/TRIACETIN",NULL,NULL
4022902,689285,"CHLORAL HYDRATE/SALICYLIC ACID",NULL,NULL
4022476,689286,CHLORAMPHENICOL/DESOXYRIBONUCLEASE/FIBRINOLYSIN,NULL,NULL
4022116,689291,CHLORDIAZEPOXIDE/ESTROGENS,NULL,NULL
4023141,689293,"CHLORHEXIDINE GLUCONATE/GLYCERIN/HYDROXYETHYL CELLULOSE",NULL,NULL
4023608,689298,"CHLOROHEXIDINE GLUCONATE/GLYCERIN/HYDROXYETHYL CELLULOSE",NULL,NULL
4023501,689310,"FORMALDEHYDE/ISOPROPYL ALCOHOL/SODIUM NITRITE",NULL,NULL
4022974,689317,"GALLIUM CHLORIDE,GA-67/SODIUM CITRATE",NULL,NULL
4022957,689318,"GALLIUM CITRATE,GA-67/SODIUM CITRATE",NULL,NULL
4022967,689323,"GELATIN/GLYCERIN/KARAYA GUM/ZINC OXIDE",NULL,NULL
4023225,689325,GENTAMICIN/PREDNISOLONE,NULL,NULL
4022777,689342,"NUX VOMICA/PANCREATIN/PAPAIN/PEPSIN/PHENOBARBITAL/SODIUM BICARBO",NULL,NULL
4023870,689345,OAT/PSYLLIUM/WHEAT,NULL,NULL
4023258,689364,"OXYBENZONE/PADIMATE O",NULL,NULL
4023391,689365,"OXYBENZONE/PADIMATE O/PARA-AMINOBENZOIC ACID/SD ALCOHOL 40",NULL,NULL
4022911,689370,CHLOROXYLENOL/DOMIPHEN/HYDROCORTISONE/PRAMOXINE,NULL,NULL
4023773,689372,"CHLOROXYLENOL/IODINE/MENTHOL/POTASSIUM IODIDE/THYMOL",NULL,NULL
4023505,689377,"CHLORPHENIRAMINE/CITRIC ACID/GUAIFENESIN/PHENYLPROPANOLAMINE/SOD",NULL,NULL
4022984,689386,"CHLORPHENIRAMINE/DEXTROMETHORPHAN/GLYCEROL,IODINATED",NULL,NULL
4023488,689388,CHLORPHENIRAMINE/DEXTROMETHORPHAN/GUAIFENESIN/PHENYLEPHRINE/SODI,NULL,NULL
4022831,689390,CHLORPHENIRAMINE/DEXTROMETHORPHAN/PHENYLEPHRINE/PHENYLPROPANOLAM,NULL,NULL
4022641,689393,CHLORPHENIRAMINE/DIHYDROCODEINE/PHENYLEPHRINE/PHENYLPROPANOLAMIN,NULL,NULL
4022852,689399,CHLORPHENIRAMINE/GUAIFENESIN/PHENYLEPHRINE/PHENYLPROPANOLAMINE,NULL,NULL
4023697,689400,CHLORPHENIRAMINE/GUAIFENESIN/PHENYLEPHRINE/PHENYLPROPANOLAMINE/P,NULL,NULL
4023023,689404,CHLORPHENIRAMINE/HYDROCODONE/MENTHOL/PSEUDOEPHEDRINE,NULL,NULL
4023022,689405,CHLORPHENIRAMINE/HYDROCODONE/NH4/PHENINDAMINE/PHENYLEPHRINE/PYRI,NULL,NULL
4023370,689406,CHLORPHENIRAMINE/HYDROCODONE/PHENINDAMINE/PHENYLEPHRINE/PYRILAMI,NULL,NULL
4023885,689409,"CHLORPHENIRAMINE/HYDROCORTISONE/ISOPROPYL ALCOHOL/PYRILAMINE",NULL,NULL
4025290,689423,"GLYCERIN/HYPROMELLOSE/POLYETHYLENE GLYCOL",NULL,NULL
4023974,689424,"GLYCERIN/ISOPROPYL ALCOHOL",NULL,NULL
4023723,689426,"GLYCERIN/LANOLIN/MINERAL OIL/PETROLATUM",NULL,NULL
4023816,689427,GLYCERIN/LEMON,NULL,NULL
4023618,689429,"GLYCERIN/MINERAL OIL/PETROLATUM",NULL,NULL
4023453,689430,"GLYCERIN/MINERAL OIL/PHENOL",NULL,NULL
4023726,689431,"GLYCERIN/MINERAL OIL/UREA",NULL,NULL
4023673,689432,"GLYCERIN/PETROLATUM/PROPYLPARABEN/SODIUM LAURYL SULFATE",NULL,NULL
4023572,689433,"GLYCERIN/PETROLATUM/ZINC OXIDE",NULL,NULL
4023414,689434,"GLYCERIN/PHENOL/SODIUM BICARBONATE/SODIUM BORATE",NULL,NULL
4022681,689435,"GLYCERIN/PHENOL/SODIUM CHLORIDE",NULL,NULL
4023358,689439,"GLYCERIN/SILICONE OIL/TRIETHANOLAMINE",NULL,NULL
4023096,689440,"GLYCERIN/SODIUM BICARBONATE/SODIUM CHLORIDE",NULL,NULL
4023021,689444,GLYCINE/NIACIN,NULL,NULL
4022876,689445,GLYCINE/NIACIN/PYRIDOXINE,NULL,NULL
4022563,689448,GRAMICIDIN/NEOMYCIN/NYSTATIN/TRIAMCINOLONE,NULL,NULL
4023499,689452,"GUAIACOL/MENTHOL/METHYL SALICYLATE",NULL,NULL
4022391,689456,GUAIFENESIN/HYDROCODONE/PHENIRAMINE/PHENYLPROPANOLAMINE/PYRILAMI,NULL,NULL
4023390,689461,"OXYBENZONE/PADIMATE O/SD ALCOHOL 40",NULL,NULL
4023727,689479,"PANTHENOL/VITAMIN A/VITAMIN D/VITAMIN E",NULL,NULL
4022939,689495,"ASCORBIC ACID/HYDROCODONE/PHENIRAMINE/POTASSIUM CITRATE/PYRILAM",NULL,NULL
4023171,689496,"ASCORBIC ACID/IRON",NULL,NULL
4022979,689497,"ASCORBIC ACID/METHYLENE DIPHOSPHONIC ACID/STANNOUS CHLORIDE",NULL,NULL
4023343,689499,"ASCORBIC ACID/ROSE HIPS",NULL,NULL
4022574,689500,"ASCORBIC ACID/ZINC",NULL,NULL
4023495,689503,ASPIRIN/ATROPINE/CAFFEINE/CAMPHOR/IPECAC/OPIUM/PHENACETIN,NULL,NULL
4022739,689514,ASPIRIN/CAFFEINE/GELSEMIUM/HYOSCYAMUS,NULL,NULL
4023320,689520,"ASPIRIN/CALCIUM CARBONATE/MAGNESIUM CARBONATE/MAGNESIUM OXIDE",NULL,NULL
4023872,689523,"ASPIRIN/CHLORPHENIRAMINE/PHENYLPROPANOLAMINE/SODIUM ACETYLSALICY",NULL,NULL
4023197,689526,"ASPIRIN/DIHYDROXYALUMINUM AMINOACETATE",NULL,NULL
4023469,689527,"ASPIRIN/DIHYDROXYALUMINUM AMINOACETATE/MAGNESIUM CARBONATE",NULL,NULL
4023260,689531,"ASPIRIN/MAGNESIUM CARBONATE",NULL,NULL
4023876,689532,"ASPIRIN/MAGNESIUM OXIDE",NULL,NULL
4023442,689538,ASPIRIN/PHENYPROPANOLAMINE,NULL,NULL
4024064,689544,ABOLENE,NULL,NULL
4022659,689546,"ACETAMINOPHEN/ALUMINUM ACETATE/CHLORPHENIRAMINE/PHENYLPROPANOLAM",NULL,NULL
4023548,689547,"ACETAMINOPHEN/ALUMINUM HYDROXIDE/ASPIRIN/CAFFEINE/MAGNESIUM HYDR",NULL,NULL
4023203,689548,"ACETAMINOPHEN/ALUMINUM HYDROXIDE/ASPIRIN/SALICYLAMIDE",NULL,NULL
4022417,689565,ACETAMINOPHEN/CAFFEINE/CHLORPHENIRAMINE/HYDROCODONE/PHENYLEPHRIN,NULL,NULL
4022923,689571,ACETAMINOPHEN/CAFFEINE/HYOSCYAMUS,NULL,NULL
4023781,689577,"ACETAMINOPHEN/CALCIUM CARBONATE/MAGNESIUM CARBONATE/MAGNESIUM OX",NULL,NULL
4023564,689581,ACETAMINOPHEN/CHLORPHENIRAMINE/DEXTROMETHORPHAN/PHENYLPROPANOLAM,NULL,NULL
4022885,689590,"ATROPINE/BENZOIC ACID/HYOSCYAMINE/METHENAMINE/PHENYL SALICYLATE",NULL,NULL
4022814,689591,ATROPINE/BENZOIC/GELSEMIUM/HYOSCYAMINE/METHENAMINE/METHYLENE/PHE,NULL,NULL
4022435,689592,ATROPINE/BENZOIC/HYOSCYAMINE/METHENAMINE/METHYLENE/PHENYL,NULL,NULL
4022870,689594,"ATROPINE/BUTABARBITAL/HYOSCYAMINE/OX BILE/PEPSIN/SCOPOLAMINE",NULL,NULL
4022962,689603,ATROPINE/HYOSCYAMINE/KAOLIN/PECTIN/SCOPOLAMINE,NULL,NULL
4023019,689604,ATROPINE/HYOSCYAMINE/PHENAZOPYRIDINE/SCOPOLAMINE,NULL,NULL
4022611,689605,ATROPINE/HYOSCYAMINE/PHENOBARBITAL,NULL,NULL
4023073,689607,ATROPINE/HYOSCYAMINE/SCOPOLAMINE/SIMETHICONE,NULL,NULL
4022738,689613,ATROPINE/PHENOBARBITAL/SCOPOLAMINE,NULL,NULL
4023428,689616,"ATTAPULGITE/SALICYLIC ACID/SULFUR",NULL,NULL
4023304,689617,AVALGESTIC,NULL,NULL
4023607,689624,BACITRACIN/LIDOCAINE/NEOMYCIN/POLYMYXIN,NULL,NULL
4022207,689636,CHLORPHENIRAMINE/PHENYLEPHRINE/PHENYLPROPANOLAMINE/PHENYLTOLOXAM,NULL,NULL
4023431,689647,"CHOLECALCIFEROL/FISH LIVER OIL",NULL,NULL
4023119,689651,CHOLESTYRAMINE/SORBITOL,NULL,NULL
4022723,689668,CIMETIDINE/DEXTROSE,NULL,NULL
4023182,689669,"CIMETIDINE/SODIUM CHLORIDE",NULL,NULL
4022986,689675,"CITRIC ACID/DEXTROSE/FRUCTOSE/GLYCERIN",NULL,NULL
4022686,689685,"GUAIFENESIN/SODIUM CITRATE/THEOPHYLLINE",NULL,NULL
4023285,689688,"GUM MASTIC/METHYL SALICYLATE/STORAX",NULL,NULL
4022181,689696,"HEPARIN/SODIUM CHLORIDE",NULL,NULL
4024301,689702,HETASTARCH/ELECTROLYTES,NULL,NULL
4022578,689705,HISTA-FIVE,NULL,NULL
4022708,689707,HOMATROPINE/HYOSCYAMINE/PANCREATIN/PEPSIN/PHENOBARBITAL/SCOPOLAM,NULL,NULL
4024965,689713,HYDRALAZINE/ISOSORBIDE,NULL,NULL
4024291,689720,PEGINTERFERON/RIBAVIRIN,NULL,NULL
4022183,689721,PENICILLIN/PROBENECID,NULL,NULL
4022927,689723,"PENTAERYTHRITOL TETRANITRATE/PHENOBARBITAL",NULL,NULL
4024341,689727,"PEPERMINT OIL",NULL,NULL
4022696,689736,PHENATUSS,NULL,NULL
4023097,689747,"PHENOL/POTASSIUM PHOSPHATE/SODIUM CHLORIDE/SODIUM PHOSPHATE",NULL,NULL
4022788,689751,"PHENYLEPHRINE/POTASSIUM GUAIACOLSULFONATE/PROMETHAZINE",NULL,NULL
4023695,689761,PHOSPHORUS/POTASSIUM/SODIUM,NULL,NULL
4022633,689763,ACETAMINOPHEN/CHLORPHENIRAMINE/PHENYLPROPANOLAMINE/PHENYLTOLOXAM,NULL,NULL
4023590,689773,ACETAMINOPHEN/DEXTROMETHORPHAN/DOXYLAMINE/EPHEDRINE,NULL,NULL
4023688,689791,ACETAMINOPHEN/PAMABROM/PYRIDOXINE,NULL,NULL
4023437,689803,"ACETAMINOPHEN/PYRILAMINE MALEATE",NULL,NULL
4022673,689807,ACETATE/CALCIUM/CHLORIDE/GLUCONATE/MAGNESIUM/POTASSIUM/SODIUM,NULL,NULL
4022820,689808,ACETATE/CALCIUM/CHLORIDE/GLUCONATE/MAGNESIUM/POTASSIUM/SODIUM/SU,NULL,NULL
4022504,689809,ACETATE/CALCIUM/CHLORIDE/MAGNESIUM/POTASSIUM/SODIUM,NULL,NULL
4023362,689810,ACETATE/CHLORIDE/GLUCONATE/MAGNESIUM/POTASSIUM/SODIUM,NULL,NULL
4023684,689817,"BALANCED SALT SOLUTION/BICARBONATE/DEXTROSE/GLUTATHIONE",NULL,NULL
4022752,689829,BARBITAL/HYOSCYAMINE/HYOSCYAMUS/PASSION/SCOPOLAMINE/VALERIAN,NULL,NULL
4023646,689834,"BASLE CREAM",NULL,NULL
4023426,689839,"BEESWAX/MINERAL OIL/ROSE OIL/ROSE SOLUBLE/SODIUM BORATE/SPERMACE",NULL,NULL
4022763,689840,BELLADONNA/BENZOIC/GELSEMIUM/METHENAMINE/PHENAZOPYRIDINE/PHENYL,NULL,NULL
4022701,689845,CITRIC/CODEINE/IPECAC/POTASSIUM/PROMETHAZINE/SODIUM,NULL,NULL
4023513,689846,"CITRIC/CODEINE/IPECAC/POTASSIUM/PROMETHAZINE/SODIUM CITRATE",NULL,NULL
4022698,689847,CITRIC/DEXTROMETHORPHAN/IPECAC/POTASSIUM/PROMETHAZINE/SODIUM,NULL,NULL
4022730,689848,CITRIC/IPECAC/PHENYLEPHRINE/POTASSIUM/PROMETHAZINE/SODIUM,NULL,NULL
4022697,689849,CITRIC/IPECAC/POTASSIUM/PROMETHAZINE/SODIUM,NULL,NULL
4024328,689868,"CLOZAPINE (CARACO)",NULL,NULL
4024236,689869,"CLOZAPINE (CLOZARIL)",NULL,NULL
4024233,689871,"CLOZAPINE (IVAX)",NULL,NULL
4024963,689873,"CLOZAPINE (TEVA)",NULL,NULL
4022762,689875,"COAL TAR/LACTIC ACID/SALICYLIC ACID",NULL,NULL
4023180,689876,"COAL TAR/LANOLIN/MINERAL OIL",NULL,NULL
4023163,689877,"COAL TAR/LAURAMIDE DEA/SODIUM LAURYL SULFATE",NULL,NULL
4023874,689883,"COAL TAR/SALICYLIC ACID/ZINC OXIDE",NULL,NULL
4023625,689884,"COAL TAR/ZINC OXIDE",NULL,NULL
4022803,689906,HYDROCODONE/PHENIRAMINE/PHENYLEPHRINE/PHENYLPROPANOLAMINE/PYRILA,NULL,NULL
4022524,689915,"HYDROCORTISONE/ISOPROPYL ALCOHOL/SALICYLIC ACID/SODIUM THIOSULFA",NULL,NULL
4023750,689933,"HYDROXYETHYL CELLULOSE/POLYVINYL ALCOHOL/TYLOXAPOL",NULL,NULL
4022403,689938,"HYDROXYZINE/PENTAERYTHRITOL TETRANITRATE",NULL,NULL
4022836,689939,"HYOSCYAMINE/METHAMINE/METHYLENE BLUE/PHENYL SALICYLATE/SODIUM BI",NULL,NULL
4023997,689962,PONARIS,NULL,NULL
4023090,689964,"POTASSIUM BENZOATE/BICARBONATE/CARBONATE/CHLORIDE",NULL,NULL
4022199,689966,"POTASSIUM BICARBONATE/POTASSIUM CHLORIDE/POTASSIUM CITRATE",NULL,NULL
4022888,689969,"POTASSIUM CHLORIDE/POTASSIUM PHOSPHATE/SODIUM BICARBONATE",NULL,NULL
4023231,689970,"POTASSIUM CHLORIDE/SODIUM BICARBONATE",NULL,NULL
4022493,689973,"POTASSIUM CHLORIDE/SODIUM CHLORIDE/TROMETHAMINE",NULL,NULL
4022825,689975,"POTASSIUM GUAIACOLSULFONATE/PROMETHAZINE",NULL,NULL
4022596,689978,"POTASSIUM PHOSPHATE/SODIUM BIPHOSPHATE/SODIUM PHOSPHATE",NULL,NULL
4023408,689983,ALCOHOL/ARNICA,NULL,NULL
4023701,689985,"ALCOHOL/BENZOCAINE/COAL TAR/SALICYLIC ACID",NULL,NULL
4023297,689986,"ALCOHOL/BENZOIC ACID/BORIC ACID/ZINC OXIDE/ZINC STEARATE",NULL,NULL
4023403,689987,"ALCOHOL/BENZOIC ACID/EUCALYPTOL/METHYL SALICYLATE/THYMOL",NULL,NULL
4023700,689988,"ALCOHOL/CAMPHOR/CAPSICUM OLEORESIN/METHYL SALICYLATE",NULL,NULL
4023892,689989,"ALCOHOL/CETYLPYRIDINIUM CHLORIDE/DOMIPHEN BROMIDE",NULL,NULL
4023757,689994,"ALCOHOL/EUCALYPTOL/MENTHOL/METHYL SALICYLATE/THYMOL",NULL,NULL
4023575,689996,"ALCOHOL/GLYCOLIC ACID",NULL,NULL
4023615,689997,"ALCOHOL/GUM BENZOIN",NULL,NULL
4023302,689998,ALCOHOL/HYDROCORTISONE,NULL,NULL
4023477,690000,"ALCOHOL/OILS,ESSENTIAL/SYRUP/TALC/WATER",NULL,NULL
4023512,690001,"ALCOHOL/PEPPERMINT OIL/PEPPERMINT POWDER",NULL,NULL
4023855,690002,ALCOHOL/RESORCINOL,NULL,NULL
4023439,690003,"ALCOHOL/SALICYLIC ACID",NULL,NULL
4023401,690004,ALCOHOL/SULFUR,NULL,NULL
4023480,690005,"ALCOHOL/SULFUR/ZINC OXIDE/ZINC SULFATE",NULL,NULL
4023256,690007,"ALGINIC ACID/ALUMINUM HYDROXIDE/CALCIUM STEARATE/MAGNESIUM TRISI",NULL,NULL
4023136,690008,"ALGINIC ACID/ALUMINUM HYDROXIDE/MAGNESIUM TRISILICATE/SODIUM BIC",NULL,NULL
4023465,690009,"ALGINIC ACID/CALCIUM CARBONATE/MAGNESIUM TRISILICATE/SODIUM BICA",NULL,NULL
4023758,690010,"ALGINIC ACID/CARBOXYMETHYLCELLULOSE SODIUM/SODIUM BICARBONATE",NULL,NULL
4023915,690012,ALKALOL,NULL,NULL
4022455,690014,ALLANTOIN/AMINACRINE/DIENESTROL/SULFANILAMIDE,NULL,NULL
4022357,690033,"BELLADONNA/BILE SALTS/PANCREATIN/PEPSIN/PHENOBARBITAL",NULL,NULL
4023591,690036,BELLADONNA/CAFFEINE/ERGOTAMINE/PHENOBARBITAL,NULL,NULL
4022872,690037,BELLADONNA/CHARCOAL,NULL,NULL
4022749,690038,BELLADONNA/CHLORPHENIRAMINE/EPHEDRINE/PHENOBARBITAL,NULL,NULL
4023491,690039,BELLADONNA/CHLORPHENIRAMINE/PHENIRAMINE/PHENYLPROPANOLAMINE,NULL,NULL
4022802,690040,BELLADONNA/CHLORPHENIRAMINE/PHENYLEPHRINE/PHENYLPROPANOLAMINE,NULL,NULL
4022811,690041,BELLADONNA/CHLORPHENIRAMINE/PHENYLEPHRINE/PYRILAMINE,NULL,NULL
4022364,690042,"BELLADONNA/DEHYDROCHOLIC ACID/LIPASE/OX BILE/PANCREATIN/PEPSIN",NULL,NULL
4022356,690044,BELLADONNA/KAOLIN/OPIUM/PECTIN,NULL,NULL
4023316,690045,BELLADONNA/KAOLIN/PECTIN,NULL,NULL
4023331,690046,"BELLADONNA/KAOLIN/PECTIN/SODIUM BENZOATE",NULL,NULL
4022746,690047,BELLADONNA/KAOLIN/PHENOBARBITAL,NULL,NULL
4022743,690048,BELLADONNA/METHENAMINE/SALICYLAMIDE,NULL,NULL
4022103,690058,"BENDROFLUMETHIAZIDE/POTASSIUM CHLORIDE/RAUWOLFIA SERPENTINA",NULL,NULL
4023309,690061,"BENTONITE MAGMA/CALAMINE/CALCIUM HYDROXIDE/GLYCERIN/ZINC OXIDE",NULL,NULL
4023195,690064,"BENZALKONIUM CHLORIDE/BENZOCAINE/DIBUCAINE/TETRACAINE",NULL,NULL
4022639,690066,"BENZALKONIUM CHLORIDE/CHLOROXYLENOL/HYDROCORTISONE",NULL,NULL
4023371,690073,"BENZALKONIUM/CALCIUM CHLORIDE/HYDROCHLORIC ACID/MAGNESIUM CHLORI",NULL,NULL
4023993,690080,"BENZETHONIUM CHLORIDE/CORN STARCH/KAOLIN/ZINC OXIDE",NULL,NULL
4022834,690086,CODEINE/IPECAC/PHENYLEPHRINE/POTASSIUM/PROMETHAZINE,NULL,NULL
4022848,690087,"CODEINE/IPECAC/POTASSIUM GUAIACOLSULFONATE/PROMETHAZINE",NULL,NULL
4023025,690090,CODEINE/PHENYLEPHRINE/PHENYLPROPANOLAMINE,NULL,NULL
4022860,690091,"CODEINE/PHENYLEPHRINE/POTASSIUM GUAIACOLSULFONATE/PROMETHAZINE",NULL,NULL
4022859,690097,"CODEINE/POTASSIUM GUAIACOLSULFONATE/PROMETHAZINE",NULL,NULL
4022473,690104,COLISTIN/HYDROCORTISONE/NEOMYCIN,NULL,NULL
4023162,690106,COLLADERM,NULL,NULL
4023161,690107,COLLAGEN/ELASTIN/GLYCERIN,NULL,NULL
4022644,690120,COPHENE,NULL,NULL
4025704,690121,COPPER/FOLIC/NIACINAMIDE/ZINC,NULL,NULL
4023622,690126,"HYOSCYAMINE/METHENAMINE/METHYLENE BLUE/PHENYL SALICYLATE/SODIUM",NULL,NULL
4022884,690127,"HYOSCYAMINE/PASSION FLOWER/PHENOBARBITAL/SCOPOLAMINE",NULL,NULL
4022810,690129,"HYOSCYAMUS/PASSION FLOWER/PHENOBARBITAL/THIAMINE/VALERIAN",NULL,NULL
4022928,690130,"HYOSCYAMUS/PASSION FLOWER/PHENOBARBITAL/VALERIAN",NULL,NULL
4022830,690131,HYOSCYAMUS/PHENAZOPYRIDINE/SULFAMETHIZOLE,NULL,NULL
4022924,690132,HYOSCYAMUS/PHENOBARBITAL,NULL,NULL
4023384,690136,"ICE MINT",NULL,NULL
4023699,690139,"IMIDAZOLIDINYL UREA/PARABEN/MINERAL OIL/PETROLATUM",NULL,NULL
4022873,690153,"INTRINSIC FACTOR/IRON/LIVER/MULTIVITAMINS",NULL,NULL
4022143,690154,"INTRINSIC FACTOR/IRON/MULTIVITAMINS",NULL,NULL
4022349,690155,"INTRINSIC FACTOR/MINERALS/MULTIVITAMINS",NULL,NULL
4022670,690157,"INVERT SUGAR/POTASSIUM CHLORIDE/SODIUM CHLORIDE",NULL,NULL
4023642,690165,PROGAINE,NULL,NULL
4023888,690173,"PROTEOLYTIC FORMULA",NULL,NULL
4023213,690186,"QUININE SULFATE/VITAMIN E",NULL,NULL
4023603,690189,"RANITIDINE/SODIUM CHLORIDE",NULL,NULL
4022669,690193,"ACETATED RINGER'S/DEXTROSE",NULL,NULL
4023072,690196,"ACETIC ACID/ANTIPYRINE/BENZOCAINE/GLYCERIN",NULL,NULL
4023296,690198,"ACETIC ACID/BENZALKONUIM CHLORIDE/CHLOROXYLENOL/GLYCERIN",NULL,NULL
4023586,690199,"ACETIC ACID/BENZETHONIUM CHLORIDE/PROPYLENE GLYCOL",NULL,NULL
4023411,690200,"ACETIC ACID/BENZETHONIUM/PROPYLENE GLYCOL",NULL,NULL
4022422,690202,"ACETIC ACID/GLYCERIN/OXYQUINOLINE/RICINOLEIC ACID",NULL,NULL
4023010,690206,ACETIC/BENZALKONIUM/CHLOROXYLENOL/HYDROCORTISONE/PRAMOXINE,NULL,NULL
4023427,690208,ACETONE/ALCOHOL,NULL,NULL
4025100,690227,"AL OH/DIPHENHYDRAMINE/LIDOCAINE/MAGNESIUM/SIMETHICONE",NULL,NULL
4023632,690229,ALA-DERM,NULL,NULL
4022220,690233,"ALBUMIN,IODINATED SERUM,I-125/IODINE,I-125",NULL,NULL
4022566,690241,"BENZETHONIUM/BENZOCAINE/GLYCERIN/POLYETHYLENE GLYCOL",NULL,NULL
4023683,690244,"BENZOCAINE/BISMUTH SUBGALLATE/PHENYLMECURIC NITRATE/ZINC OXIDE",NULL,NULL
4023751,690248,BENZOCAINE/CALAMINE/DIPHENHYDRAMINE/MENTHOL,NULL,NULL
4023570,690251,"BENZOCAINE/CAMPHOR/EPHEDRINE/ZINC OXIDE",NULL,NULL
4023532,690258,"BENZOCAINE/CHLOROBUTANOL/ETHANOL/MENTHOL/TANNIC ACID",NULL,NULL
4022653,690266,BENZOCAINE/EPHEDRINE/HYDROCORTISONE/ICHTHAMMOL/OXYQUINOLINE/ZINC,NULL,NULL
4023588,690274,"BENZOCAINE/PHENOL/POVIDONE IODINE",NULL,NULL
4023589,690275,"BENZOCAINE/PHENOL/VITAMIN E/ZINC OXIDE",NULL,NULL
4023110,690284,"BENZOPHENONE-3/LANOLIN/MINERAL OIL/POLYETHYLENE GLYCOL-4",NULL,NULL
4022409,690291,COSYNTROPIN/MANNITOL,NULL,NULL
4022399,690304,CYANOCOBALAMIN/ESTROGENS/METHAMPHETAMINE/METHYLTESTOSTERONE/THIA,NULL,NULL
4022608,690306,"CYANOCOBALAMIN/FOLIC ACID/IRON",NULL,NULL
4023312,690307,"CYANOCOBALAMIN/FOLIC ACID/LIVER",NULL,NULL
4023604,690310,CYANOCOBALAMIN/IRON/LIVER,NULL,NULL
4022087,690311,CYANOCOBALAMIN/THIAMINE,NULL,NULL
4022759,690314,"CYSTINE/INOSITOL/METHIONINE/SODIUM PROPIONATE/UREA",NULL,NULL
4022606,690319,"DEHYDROCHOLIC ACID/DOCUSATE",NULL,NULL
4022664,690320,"DEHYDROCHOLIC ACID/DOCUSATE/PHENOLPHTHALEIN",NULL,NULL
4022970,690321,"DEHYDROCHOLIC ACID/HOMATROPINE",NULL,NULL
4022769,690322,"DEHYDROCHOLIC ACID/HOMATROPINE/PHENOBARBITAL",NULL,NULL
4022845,690323,"DEHYDROCHOLIC ACID/PANCREATIN/PEPSIN",NULL,NULL
4022492,690331,RINGER'S,NULL,NULL
4023395,690413,"BENZYL BENZOATE/BISMUTH/CALCIUM/COCONUT OIL/VEGETABLE OIL/ZINC O",NULL,NULL
4023407,690414,"BENZYL BENZOATE/BISMUTH/PERUVIAN BALSAM/ZINC OXIDE",NULL,NULL
4022947,690422,"BILE SALTS/CHARCOAL/PANCREATIN",NULL,NULL
4022582,690423,"BILE SALTS/DEHYDROCHOLIC ACID/PANCREATIN/PEPSIN",NULL,NULL
4022358,690424,"BILE SALTS/PANCREATIN/PEPSIN",NULL,NULL
4023188,690442,"BISACODYL/DOCUSATE/SENNA CONCENTRATE/SENNA EXTRACT/SUCROSE",NULL,NULL
4023189,690444,"BISACODYL/MAGNESIUM CITRATE/MAGNESIUM SULFATE/SENNA/SUCROSE",NULL,NULL
4022741,690449,"BISMUTH HYDROXIDE/KAOLIN/OPIUM/PECTIN",NULL,NULL
4022772,690450,"BISMUTH SUBCARBONATE/KAOLIN/OPIUM/PECTIN",NULL,NULL
4022851,690455,"DESA HIST",NULL,NULL
4022213,690468,"DEXTRAN 40/DEXTROSE",NULL,NULL
4022212,690469,"DEXTRAN 40/SODIUM CHLORIDE",NULL,NULL
4022211,690470,"DEXTRAN 70/DEXTROSE",NULL,NULL
4023376,690471,"DEXTRAN 70/EDTA/METHYLCELLULOSE/SODIUM CHLORIDE",NULL,NULL
4023665,690472,"DEXTRAN 70/HYDROXYPROPYL METHYLCELLULOSE",NULL,NULL
4022481,690475,"DEXTRAN 75/DEXTROSE",NULL,NULL
4022480,690476,"DEXTRAN 75/SODIUM CHLORIDE",NULL,NULL
4023373,690477,"DEXTRAN/EDTA/HYDROXYPROPYL METHYLCELLULOSE",NULL,NULL
4022789,690478,DEXTROMETHORPHAN/DOXYLAMINE/GUAIFENESIN,NULL,NULL
4022383,690480,"DEXTROMETHORPHAN/GLYCEROL,IODINATED",NULL,NULL
4022850,690485,"DEXTROMETHORPHAN/IPECAC/POTASSIUM GUAIACOLSULFONATE/PROMETHAZINE",NULL,NULL
4022861,690489,"DEXTROMETHORPHAN/POTASSIUM GUAIACOLSULFONATE/PROMETHAZINE",NULL,NULL
4022987,690494,"DEXTROSE/EDETATE DISODIUM/FRUCTOSE/GLYCERIN",NULL,NULL
4022486,690495,DEXTROSE/ELECTROLYTES,NULL,NULL
4023061,690496,DEXTROSE/EPINEPHRINE/LIDOCAINE,NULL,NULL
4023064,690497,DEXTROSE/EPINEPHRINE/TETRACAINE,NULL,NULL
4022724,690499,DEXTROSE/GENTAMICIN,NULL,NULL
4022508,690500,DEXTROSE/HEPARIN,NULL,NULL
4022757,690501,"IODINE/PHENOL/POTASSIUM IODIDE/TRICHLOROACETIC ACID",NULL,NULL
4022849,690505,"IPECAC/PHENYLEPHRINE/POTASSIUM GUAIACOLSULFONATE/PROMETHAZINE",NULL,NULL
4023291,690506,"IRISH MOSS/MINERAL OIL",NULL,NULL
4022437,690508,IRON/MULTIVITAMINS/PROCAINE,NULL,NULL
4022805,690509,IRON/MULTIVITAMINS/SORBITOL,NULL,NULL
4023671,690526,"SODIUM BICARBONATE/SODIUM NITRITE",NULL,NULL
4023470,690534,"SODIUM CHLORIDE/THIOPENTAL",NULL,NULL
4023472,690536,"SODIUM CHLORIDE/VERAPAMIL",NULL,NULL
4023473,690537,"SODIUM CHLORIDE/VINBLASTINE",NULL,NULL
4022977,690547,"STANNOUS CHLORIDE/SUCCIMER",NULL,NULL
4022423,690560,SULFABENZAMIDE/SULFACETAMIDE/SULFATHIAZOLE/UREA,NULL,NULL
4023482,690606,"BISMUTH SUBGALLATE/BORIC ACID/ZINC OXIDE",NULL,NULL
4022561,690607,"BISMUTH SUBGALLATE/KAOLIN/OPIUM/PECTIN/ZINC PHENOSULFONATE",NULL,NULL
4023364,690609,"BISMUTH SUBNITRATE/CASTOR OIL/CERESIN/LANOLIN/PERU BALSAM",NULL,NULL
4022887,690611,"BISMUTH SUBSALICYLATE/CODEINE/KAOLIN/PECTIN",NULL,NULL
4022775,690612,"BISMUTH SUBSALICYLATE/KAOLIN/OPIUM/PECTIN",NULL,NULL
4023220,690613,"BISMUTH SUBSALICYLATE/MAGNESIUM SILICATE/SALICYLIC ACID/SODIUM S",NULL,NULL
4022688,690615,BISMUTH/CALCIUM/OPIUM/PECTIN/ZINC,NULL,NULL
4022778,690617,BISMUTH/KAOLIN/OPIUM/PECTIN/POTASSIUM/SALOL/ZINC,NULL,NULL
4022726,690619,"BLEOMYCIN/SODIUM CHLORIDE",NULL,NULL
4023227,690630,"BORIC ACID/GLYCERIN/SODIUM BORATE/TETRAHYDROZOLINE",NULL,NULL
4023628,690636,"BORIC ACID/VITAMIN A/VITAMIN D/ZINC OXIDE",NULL,NULL
4022516,690641,BRETYLIUM/DEXTROSE,NULL,NULL
4024252,690644,BROMPHENHIRAMINE/DEXTROMETHORPHAN/PSEUDOEPHEDRINE,NULL,NULL
4022699,690645,BROMPHENIRAMINE/CODEINE/GUAIFENESIN/MENTHOL/PHENYLEPHRINE/PHENYL,NULL,NULL
4022628,690646,BROMPHENIRAMINE/CODEINE/GUAIFENESIN/PHENYLEPHRINE/PHENYLPROPANOL,NULL,NULL
4022721,690649,"DEXTROSE/LACTATED RINGER'S/POTASSIUM CHLORIDE",NULL,NULL
4022483,690651,DEXTROSE/LIDOCAINE,NULL,NULL
4023063,690652,DEXTROSE/LIDOCAINE/TETRACAINE,NULL,NULL
4023284,690653,"DEXTROSE/MIVACURIUM CHLORIDE",NULL,NULL
4022714,690654,DEXTROSE/NAFCILLIN,NULL,NULL
4022716,690655,DEXTROSE/OXACILLIN,NULL,NULL
4022725,690657,DEXTROSE/PENICILLIN,NULL,NULL
4022497,690658,"DEXTROSE/PERITONEAL DIALYSIS SOLUTION",NULL,NULL
4022722,690659,DEXTROSE/PIPERACILLIN,NULL,NULL
4022485,690663,DEXTROSE/RINGER'S,NULL,NULL
4022717,690665,"DEXTROSE/SODIUM CHLORIDE/SODIUM LACTATE",NULL,NULL
4022238,690666,DEXTROSE/TETRACAINE,NULL,NULL
4022715,690668,DEXTROSE/TICARCILLIN,NULL,NULL
4022107,690671,DIATRIZOATE/IODINE,NULL,NULL
4022223,690673,DIATRIZOATE/LIDOCAINE,NULL,NULL
4022736,690682,DIHYDROCODEINE/GUAIFENESIN/PHENIRAMINE/PHENYLEPHRINE/PHENYLPROPA,NULL,NULL
4023719,690689,"DIPERODON/VITAMIN A/VITAMIN D/ZINC OXIDE",NULL,NULL
4022646,690698,ISONIAZID/PYRIDOXINE,NULL,NULL
4022500,690704,"ISOPROTERENOL/SODIUM CHLORIDE",NULL,NULL
4022829,690709,"ISOSULFAN BLUE/POTASSIUM PHOSPHATE/SODIUM PHOSPHATE",NULL,NULL
4023511,690715,"KAOLIN/PECTIN/ZINC PHENOLSULFONATE",NULL,NULL
4022864,690719,KORIGESIC,NULL,NULL
4024956,690720,L-METHYLFOLATE/METHYLCOBALAMIN/PYRIDOXAL,NULL,NULL
4023645,690722,"LACTIC ACID/METHYL SALICYLATE/OCTOXYNOL 9/SODIUM BICARBONATE",NULL,NULL
4023640,690723,"LACTIC ACID/OCTOXYNOL 9/SODIUM LACTATE",NULL,NULL
4024345,690727,"LACTIC ACID/VITAMIN E",NULL,NULL
4023147,690728,"LACTOSE/MILK/MINERALS/MULTIVITAMINS/SOY OIL/SUCROSE",NULL,NULL
4023720,690734,"LANOLIN/MINERAL OIL/OCTOXYNOL 3",NULL,NULL
4023626,690735,"LANOLIN/MINERAL OIL/OXYBENZONE",NULL,NULL
4023662,690736,"LANOLIN/MINERAL OIL/PARABENS",NULL,NULL
4023753,690738,"LANOLIN/MINERAL OIL/PETROLATUM/TRIETHANOLAMINE",NULL,NULL
4023228,690774,ALUMINUM/BENTONE/ISOBUTANE/ISOPROPYL/MENTHOL/UNDECYLENIC,NULL,NULL
4024028,690777,AMIFOSTINE/MANNITOL,NULL,NULL
4022652,690779,"AMINACRINE/DOCUSATE/EDETATE SODIUM/NONOXYNOL",NULL,NULL
4022638,690780,"AMINO ACID/IRON/MULTIVITAMINS",NULL,NULL
4022518,690781,"AMINO ACIDS/DEXTROSE",NULL,NULL
4022720,690782,"AMINO ACIDS/DEXTROSE/ELECTROLYTES",NULL,NULL
4022499,690783,"AMINO ACIDS/ELECTROLYTES",NULL,NULL
4022602,690785,"AMINO ACIDS/MULTIVITAMINS",NULL,NULL
4022949,690786,"AMINOPHYLLINE/AMMONIUM CHLORIDE/DIPHENHYDRAMINE",NULL,NULL
4022509,690794,"AMINOPHYLLINE/SODIUM CHLORIDE",NULL,NULL
4022950,690799,AMMONIA/BENZOIC/PROPIONIC/SALICYLIC/SODIUM/SODIUM/UNDECYLENIC,NULL,NULL
4022900,690800,"AMMONIATED MERCURY/COAL TAR/METHENAMINE SULFOSALICYLATE",NULL,NULL
4023489,690803,"AMMONIUM CHLORIDE/ANTIMONY/GUAIACOLSULFONATE/POTASSIUM TARTRATE",NULL,NULL
4023497,690805,"AMMONIUM CHLORIDE/CHLORPHENIRAMINE/CODEINE/PHENYLEPHRINE/POTASSI",NULL,NULL
4022700,690809,BROMPHENIRAMINE/GUAIFENESIN/MENTHOL/PHENYLEPHRINE/PHENYLPROPANOL,NULL,NULL
4022630,690810,BROMPHENIRAMINE/GUAIFENESIN/PHENYLEPHRINE/PHENYLPROPANOLAMINE,NULL,NULL
4023062,690818,BUPIVACAINE/DEXTROSE/EPINEPHRINE/LIDOCAINE,NULL,NULL
4023060,690820,BUPIVACAINE/EPINEPHRINE/LIDOCAINE,NULL,NULL
4023056,690821,"BUPIVACAINE/EPINEPHRINE/LIDOCAINE/SODIUM CHLORIDE",NULL,NULL
4022973,690826,BUTABARBITAL/GUAIFENESIN/PSEUDOEPHEDRINE/THEOPHYLLINE,NULL,NULL
4022737,690830,CAFFEINE/CODEINE/MENTHOL/PHENIRAMINE/PHENYLEPHRINE/SODIUM/SODIUM,NULL,NULL
4023692,690833,"CAFFEINE/PHENIRAMINE/PHENYLEPHRINE/SODIUM CITRATE/SODIUM SALICYL",NULL,NULL
4023409,690838,"CALAMINE/GLYCERIN/PHENOL/ZINC OXIDE",NULL,NULL
4023510,690844,"CALCIUIM LACTATE/THIAMINE",NULL,NULL
4023357,690845,"CALCIUM CARBONATE/CALCIUM GLUCONATE/CALCIUCM LACTATE/VITAMIN D",NULL,NULL
4024955,690849,"DIPHTHERIA TOXOID/MENINGOCOCCAL",NULL,NULL
4022122,690850,"DIPHTHERIA TOXOID/PERTUSSIS VACCINE/TETANUS TOXOID",NULL,NULL
4022111,690851,"DIPHTHERIA TOXOID/TETANUS TOXOID",NULL,NULL
4024056,690852,"DIPHTHERIA/HEMOPHILUS B/PERTUSSIS/TETANUS",NULL,NULL
4023349,690858,"DOCOSAHEXAENOIC ACID/EICOSAPENTAENOIC ACID/OMEGA-3 POLYUNSATURAT",NULL,NULL
4022141,690860,"DOCUSATE/INTRINSIC FACTOR/IRON/MULTIVITAMINS",NULL,NULL
4022469,690861,DOCUSATE/IRON/MULTIVITAMINS,NULL,NULL
4023486,690862,"DOCUSATE/MINERAL OIL",NULL,NULL
4022767,690863,DOCUSATE/MINERALS/MULTIVITAMINS,NULL,NULL
4024279,690866,DOCUSATE/SENNOSIDES,NULL,NULL
4022727,690868,"DOXORUBICIN/SODIUM CHLORIDE",NULL,NULL
4022600,690886,LEMOTUSSIN-DM,NULL,NULL
4023664,690892,LIDOCAINE/NEOMYCIN/POLYMYXIN,NULL,NULL
4023350,690903,LIVER/MULTIVITAMINS,NULL,NULL
4022982,690904,LIVER/PHENOBARBITAL,NULL,NULL
4024309,690923,"MAGNESIUM CHLORIDE/SODIUM CHLORIDE/SODIUM BARCARBONATE",NULL,NULL
4023471,690928,THIOPENTAL/WATER,NULL,NULL
4023144,690942,TUSSAGESIC,NULL,NULL
4023361,690979,"ALOE VERA/VITAMIN E",NULL,NULL
4025094,690983,ALOE/HYDROCORTISONE/IODOQUINOL,NULL,NULL
4023186,690984,"ALOE/VITAMIN A/VITAMIN E",NULL,NULL
4023179,690987,"ALUMINUM ACETATE/BENZETHONIUM CHLORIDE",NULL,NULL
4023503,690988,"ALUMINUM ACETATE/BORIC ACID/EUCALYPTOL/ICHTHAMMOL/PHENOL/ZINC OX",NULL,NULL
4023891,690991,"ALUMINUM CHLORHYDRATE/MENTHOL/UNDECYLENIC ACID",NULL,NULL
4023878,690992,"ALUMINUM CHLORIDE/HYDROXYQUINOLINE SULFATE/TETRACAINE",NULL,NULL
4023764,690993,"ALUMINUM CHLOROHYDRATE/CHLOROXYLENOL/MENTHOL/ZINC UNDECYLENATE",NULL,NULL
4023737,690994,"ALUMINUM CHLOROHYDREX/FORMALDEHYDE/MENTHOL/ZINC UNDECYLENATE",NULL,NULL
4023135,691001,"ALUMINUM HYDROXIDE/MAGNESIUM CARBONATE/SODIUM ALGINATE",NULL,NULL
4023617,691004,"CALCIUM CARBONATE/CALCIUM PHOSPHATE",NULL,NULL
4023464,691011,"CALCIUM CARBONATE/MAGNESIUM CARBONATE/SODIUM ALGINATE",NULL,NULL
4022744,691016,"CALCIUM CARBONATE/NUX VOMICA/PHENOBARBITAL",NULL,NULL
4023435,691022,"CALCIUM CASEINATE/COD LIVER OIL/LANOLIN/LANOLIN ALCOHOL/METHYLBE",NULL,NULL
4023232,691023,"CALCIUM CHLORIDE/DEXTROSE/MAGNESIUM CHLORIDE/SODIUM CHLORIDE",NULL,NULL
4023739,691024,"CALCIUM CITRATE/GLUTAMIC ACID",NULL,NULL
4023506,691031,"CALCIUM GLYCEROPHOSPHATE/PHOSPHORIC ACID/SODIUM GLYCEROPHOSPHATE",NULL,NULL
4022875,691034,"CALCIUM IODIZED/PEPTONE/THYROID",NULL,NULL
4022812,691035,"CALCIUM LACTATE/GUAIFENESIN/HYOSCYAMUS/PHENOBARBITAL/TERPIN HYDR",NULL,NULL
4022731,691036,"CALCIUM PANTOTHENATE/DANTHRON",NULL,NULL
4022905,691037,"CALCIUM PANTOTHENATE/DANTHRON/DOCUSATE",NULL,NULL
4022819,691039,CALCIUM/CHLORIDE/GLUCONATE/MAGNESIUM/POTASSIUM/SODIUM/SULFATE,NULL,NULL
4023033,691040,CALCIUM/ERGOCALCIFEROL/SALICYLAMIDE,NULL,NULL
4022229,691042,CALCIUM/MAGNESIUM/POTASSIUM/SODIUM/SODIUM/SODIUM,NULL,NULL
4023172,691044,"CALCIUM/PHOSPHORUS/VITAMIN D",NULL,NULL
4024251,691048,"CALCIUM/VITAMIN D/VITAMIN K",NULL,NULL
4023468,691050,"CAMPHOR/CAPSICUM OLEORESIN/METHYL SALICYLATE/PINE OIL/TURPENTINE",NULL,NULL
4023522,691051,"CAMPHOR/CHLOROXYLENOL/EUCALYPTUS/MENTHOL/METHYL SALICYLATE",NULL,NULL
4023679,691075,"EDETATE DISODIUM/SODIUM CHLORIDE/SODIUM PHOSPHATE",NULL,NULL
4023746,691079,"EDTA/POLYQUARTERNIUM-1/SODIUM CHLORIDE",NULL,NULL
4023705,691081,"EDTA/SODIUM CHLORIDE/SODIUM LAURYL SULFATE/SODIUM PHOSPHATE",NULL,NULL
4022667,691087,ELECTROLYTES/FRUCTOSE,NULL,NULL
4022487,691088,"ELECTROLYTES/INVERT SUGAR",NULL,NULL
4023088,691089,ELECTROLYTES/PEG-3350,NULL,NULL
4023015,691090,ELECTROLYTES/PEG-400,NULL,NULL
4023551,691099,"MAGNESIUM CITRATE/PHENOLPHTHALEIN/POTASSIUM BITARTRATE/SODIUM BI",NULL,NULL
4023736,691103,MAGNESIUM/POTASSIUM/SODIUM/SODIUM/SODIUM/SULFUR,NULL,NULL
4022583,691106,"MANNITOL HEXANITRATE/PHENOBARBITAL",NULL,NULL
4023668,691118,"MENTHOL/METHYL NICOTINATE/METHYL SALICYLATE",NULL,NULL
4023706,691120,"MENTHOL/MINERAL OIL/VITAMIN A",NULL,NULL
4022853,691121,MENTHOL/PHENIRAMINE/PHENYLEPHRINE,NULL,NULL
4023523,691124,"MENTHOL/SODIUM BICARBONATE/SODIUM BORATE/SODIUM CHLORIDE/THYMOL",NULL,NULL
4022385,691128,"MEPROBAMATE/PENTAERYTHRITOL TETRANITRATE",NULL,NULL
4022728,691140,"METHOTREXATE/SODIUM CHLORIDE",NULL,NULL
4023287,691155,"VITAMIN A/VITAMIN D/ZINC OXIDE",NULL,NULL
4023262,691166,"ANETHOLE/CAPSICUM/GLYCYRRHIZA/PEPPERMINT OIL",NULL,NULL
4023538,691167,"ANISE OIL/CORIANDER OIL/LEMON OIL/ORANGE OIL",NULL,NULL
4022867,691168,"ANITMONY POTASSIUM TARTRATE/GLYCYRRHIZA/PAREGORIC",NULL,NULL
4022889,691171,"ANTICOAGULANT CITRATE DEXTROSE",NULL,NULL
4022621,691173,"ANTICOAGULANT CP2D W/AS-2 NUTRICEL",NULL,NULL
4022619,691174,"ANTICOAGULANT CPDA-1 THE CLX SYSTEM",NULL,NULL
4023667,691175,"CAMPHOR/CORN STARCH/EUCALYPTUS/KAOLIN/TRICLOSAN/ZINC OXIDE",NULL,NULL
4023569,691177,"CAMPHOR/EPHEDRINE/ZINC OXIDE",NULL,NULL
4023724,691182,"CAMPHOR/EUCALYPTUS/MENTHOL/METHYL SALICYLATE/TURPENTINE",NULL,NULL
4023444,691183,"CAMPHOR/GLYCERIN/MINERAL OIL/PHENOL",NULL,NULL
4022751,691184,"CAMPHOR/HYOSCYAMUS/PASSION FLOWER/PHENOBARBITAL/VALERIAN",NULL,NULL
4023772,691187,"CAMPHOR/MENTHOL/METHYL NICOTINATE/METHYL SALICYLATE",NULL,NULL
4023485,691189,"CAMPHOR/MENTHOL/METHYL SALICYLATE/PEPPERMINT OIL",NULL,NULL
4023290,691190,"CAMPHOR/MENTHOL/METHYL SALICYLATE/TARTRAZINE",NULL,NULL
4023091,691207,"CARBAMIDE PEROXIDE/GLYCERIN",NULL,NULL
4023539,691208,"CARBAMIDE PEROXIDE/GLYCEROL",NULL,NULL
4023146,691210,CARBETAPENTANE/CHLORPHENIRAMINE/CITRIC/CODEINE/GUAIFENESIN/SODIU,NULL,NULL
4023627,691213,CARBETAPENTANE/PHENYLEPHRINE/PHENYLPROPANOLAMINE/POTASSIUM,NULL,NULL
4022695,691218,CARBINOXAMINE/GAUIFENESIN/PSEUDOEPHEDRINE,NULL,NULL
4024079,691222,CARBOHYDRATE/ELECTROLYTES,NULL,NULL
4022632,691229,EPHEDRINE/ISOPROTERENOL/PHENOBARBITAL/POTASSIUM/THEOPHYLLINE,NULL,NULL
4023065,691230,"EPHEDRINE/LIDOCAINE/SODIUM CHLORIDE",NULL,NULL
4023498,691236,"EPHEDRINE/SODIUM CHLORIDE",NULL,NULL
4023067,691242,EPINEPHRINE/LIDOCAINE/POVIDONE,NULL,NULL
4023066,691243,"EPINEPHRINE/LIDOCAINE/POVIDONE/SODIUM CHLORIDE",NULL,NULL
4023057,691244,"EPINEPHRINE/LIDOCAINE/SODIUM CHLORIDE",NULL,NULL
4022922,691248,"EPINEPHRINE/ZINC PHENOLSULFONATE",NULL,NULL
4022386,691262,ESTROGENS/MEPROBAMATE,NULL,NULL
4023400,691270,"METHYL PARABEN/UREA",NULL,NULL
4023181,691271,"METHYL SALICYLATE/TROLAMINE",NULL,NULL
4022786,691276,"METOCLOPRAMIDE/SODIUM CHLORIDE",NULL,NULL
4022674,691277,"METRONIDAZOLE/SODIUM CHLORIDE",NULL,NULL
4025607,691278,MICONAZOLE/ZINC,NULL,NULL
4023114,691283,"MINERAL OIL/MINERAL WAX/PETROLATUM/WOOL WAX ALCOHOL",NULL,NULL
4023687,691284,"MINERAL OIL/NONOXYNOL/OLETH-2/PPG-15 STEARYL ETHER",NULL,NULL
4023913,691285,"MINERAL OIL/OATMEAL,COLLOIDAL",NULL,NULL
4022747,691295,"MORPHINE/POTASSIUM CITRATE/POTASSIUM GUAIACOLSULFONATE",NULL,NULL
4022855,691303,"AMMONIUM CHLORIDE/CHLORPHENIRAMINE/DEXTROMETHORPHAN/PHENYLEPHRIN",NULL,NULL
4022601,691305,"AMMONIUM CHLORIDE/DIPHENHYDRAMINE/MENTHOL/SODIUM CITRATE",NULL,NULL
4022930,691306,"AMMONIUM CHLORIDE/GLYCYRRHIZA/HYOSCYAMUS/PHENOBARBITAL/TERPIN HY",NULL,NULL
4023209,691308,"AMMONIUM CHLORIDE/IPECAC/TOLU BALSAM",NULL,NULL
4022776,691310,"AMMONIUM CHLORIDE/POTASSIUM GUAIACOLSULFONATE/TERPIN HYDRATE",NULL,NULL
4023490,691312,AMMONIUM/ANTIMONY/CHERRY/CODEINE/PINE/POTASSIUM,NULL,NULL
4022858,691313,"AMMONIUM/ANTIMONY/CHLORPHENIRAMINE/CODEINE/POTASSIUM GUAIACOLSUL",NULL,NULL
4022857,691314,"AMMONIUM/ANTIMONY/CHLORPHENIRAMINE/POTASSIUM GUAIACOLSULFONATE",NULL,NULL
4022854,691315,AMMONIUM/ANTIMONY/CODEINE/PHENYLEPHRINE/POTASSIUM/PYRILAMINE,NULL,NULL
4022844,691316,AMMONIUM/BROMODIPHENHYDRAMINE/CODEINE/DIPHENHYDRAMINE/POTASSIUM,NULL,NULL
4022878,691317,AMMONIUM/BROMODIPHENHYDRAMINE/CODEINE/MENTHOL/POTASSIUM,NULL,NULL
4023192,691326,"AMYL METACRESOL/BENZOCAINE/MYRRH/PHENOL",NULL,NULL
4022090,691327,"AMYL NITRITE/SODIUM NITRITE/SODIUM THIOSULFATE",NULL,NULL
4022689,691329,AMYLASE/ATROPINE/CELLULASE/HYOSCYAMINE/LIPASE/PHENOBARBITAL/PROT,NULL,NULL
4022388,691330,AMYLASE/ATROPINE/LIPASE/PROTEASE,NULL,NULL
4022963,691331,"AMYLASE/BILE SALTS/DEHYDROCHOLIC ACID/LIPASE/PEPSIN/PROTEOLYTIC",NULL,NULL
4022656,691332,AMYLASE/CELLULASE/HOMATROPINE/PHENOBARBITAL/PROTEASE,NULL,NULL
4022553,691333,AMYLASE/CELLULASE/HYOSCYAMINE/LIPASE/PHENYLTOLOXAMINE/PROTEASE,NULL,NULL
4022654,691335,"AMYLASE/DEHYDROCHOLIC ACID/DESOXYCHOLIC ACID/PROTEASE",NULL,NULL
4022655,691336,AMYLASE/DEHYDROCHOLIC/DESOXYCHOLIC/HOMATROPINE/PHENOBARBITAL/PRO,NULL,NULL
4023691,691349,CARBOXYMETHYLCELLULOSE/METHYLPARABEN/SORBITOL,NULL,NULL
4023292,691359,"CASCARA/MINERAL OIL",NULL,NULL
4023149,691361,CASEINATE/DEXTROSE/LACTOSE/MILK/MINERALS/MULTIVITAMINS,NULL,NULL
4023143,691362,"CASEINATE/MINERALS/MULTIVITAMINS/SOY OIL/SUCROSE",NULL,NULL
4022954,691368,CASTOR/MERCURY/MINERAL/POLYOXYL/POLYSORBATE/SALICYLIC,NULL,NULL
4023644,691396,"EUCALYPTUS OIL/MENTHOL/METHYL SALICYLATE/PHENOL/SODIUM CHLORIDE",NULL,NULL
4023770,691397,"EUCALYPTUS OIL/METHYL SALICYLATE/PEPPERMINT OIL/SALICYLIC ACID",NULL,NULL
4023895,691398,"EUCALYPTUS/MENTHOL/METHYL SALICYLATE/TRIETHANOLAMINE",NULL,NULL
4023714,691421,FLEX-ALL,NULL,NULL
4022105,691422,"FLUMETHIAZIDE/POTASSIUM CHLORIDE/RAUWOLFIA SERPENTINA",NULL,NULL
4024218,691440,NEOMYCIN/POLYMYXIN/PRAMOXINE,NULL,NULL
4022658,691446,"NIACIN/PENTAERYTHRITOL TETRANITRATE",NULL,NULL
4023476,691450,"NIACIN/RICE BRAN",NULL,NULL
4022770,691451,"NICOTINAMIDE HYDRIODIDE/POTASSIUM IODIDE",NULL,NULL
4023516,692062,"ALCOHOL/CHERRY JUICE/SUCROSE",NULL,NULL
4022489,692066,ALCOHOL/DEXTROSE/ELECTROLYTES/FRUCTOSE,NULL,NULL
4022990,692078,"AMINO ACIDS/MINERALS/MULTIVITAMINS",NULL,NULL
4023369,692104,"ACETATE/CALCIUM/CHLORIDE/CITRATE/MAGNESIUM/POTASSIUM/SODIUM INJ",NULL,NULL
4024357,692112,"DRESSING,AQUACEL",NULL,NULL
4022221,692181,"RED CELL TAGGING KIT",NULL,NULL
4022283,692282,"ALLERGENIC EXTRACT, INSECT, BEE",NULL,NULL
4023341,692571,BACITRACIN/NEOMYCIN/POLYMYXIN,NULL,NULL
4024225,692795,"HAEMOPHILUS B/HEPATITIS B",NULL,NULL
4023356,692798,"HEMOPHILUS B/CRM-197 PROTEIN",NULL,NULL
4023273,692799,"HEMOPHILUS B/NEISSERIA MENINGITIDIS",NULL,NULL
4026171,692799,"HAEMOPHILUS B/NEISSERIA MENINGITIDIS",NULL,NULL
4022835,692800,HEMORRHOIDAL/HYDROCORTISONE,NULL,NULL
4024226,692801,"HEPATITIS A/HEPATITIS B",NULL,NULL
4022801,692958,"AMMONIUM CHLORIDE/POTASSIUM CITRATE/POTASSIUM GLUCONATE",NULL,NULL
4023636,692962,AMYLASE/LIPASE/PANCREATIN/PROTEASE,NULL,NULL
4022404,692964,AMYLASE/PROTEASE,NULL,NULL
4023047,692965,CANDIDA/DIPHTHERIA/PROTEUS/STREPTOCOCCUS/TETANUS/TRICOPHYTON/TUB,NULL,NULL
4023368,692967,CARBOHYDRATE/ELECTROLYTE/FAT/MINERAL/PROTEIN/VITAMIN,NULL,NULL
4023367,692968,CARBOHYDRATES/FATS/PROTEINS,NULL,NULL
4023133,692977,CEFTRIAXONE/DEXTROSE,NULL,NULL
4022395,692984,ESTROGENS/IRON/METHAMPHETAMINE/METHYLTESTOSTERONE/MULTIVITAMINS,NULL,NULL
4023975,692985,ESTROGENS/MEDROXYPROGESTERONE,NULL,NULL
4022398,692986,ESTROGENS/METHYLTESTOSTERONE,NULL,NULL
4022184,692992,"ETHINYL ESTRADIOL/FERROUS FUMARATE/NORGESTREL",NULL,NULL
4022706,692995,"ETHINYL ESTRADIOL/METHYLTESTOSTERONE/MULTIVITAMINS",NULL,NULL
4023366,693003,"FLUORIDE/IRON/VITAMIN A/VITAMIN C/VITAMIN D",NULL,NULL
4022576,693006,MINERALS/MULTIVITAMINS/TESTOSTERONE,NULL,NULL
4023346,693007,MULTIVITAMINS/ZINC,NULL,NULL
4023474,693012,"NIACIN/PANTOTHENIC ACID/PYRIDOXINE/RIBOFLAVIN/THIAMINE",NULL,NULL
4022704,693014,MULTIVITAMINS/TESTOSTERONE,NULL,NULL
4022668,693019,"ACETATED RINGER'S",NULL,NULL
4023631,693024,"ALA-BATH OIL",NULL,NULL
4023988,693042,"CARNATION INSTANT",NULL,NULL
4023889,693043,"CATALYTIC FORMULA",NULL,NULL
4025293,693055,"CHOLEST OFF",NULL,NULL
4023576,693065,"SODIUM BIPHOSPHATE/SODIUM CHLORIDE/SODIUM PHOSPHATE",NULL,NULL
4023958,693100,"CORPAK PRO-MIX",NULL,NULL
4025498,693117,"ENZYMATIC CLEANER",NULL,NULL
4025885,693141,"FREE AMINO ACID DIET",NULL,NULL
4024239,693156,"ISOSOURCE 1.5",NULL,NULL
4023643,693164,"LANAPHILIC OINTMENT",NULL,NULL
4023652,693166,"LID WIPES",NULL,NULL
4024351,693174,"MENS HEALTH",NULL,NULL
4023973,693176,"MOISTURIZING CREAM",NULL,NULL
4025884,693185,"NUTREN REPLETE",NULL,NULL
4024386,693187,"OMEGA-3 ACID",NULL,NULL
4024358,693189,"HERBAL JOINT AID",NULL,NULL
4023945,693224,"STAVUDINE (dT4)",NULL,NULL
4023731,693233,"SUSPENDING VEHICLE",NULL,NULL
4023948,693235,"SUSTACAL HC",NULL,NULL
4024150,693283,BOOST,NULL,NULL
4023776,693326,AQUANIL,NULL,NULL
4023455,693333,CITROTEIN,NULL,NULL
4022627,693341,ERGONAL,NULL,NULL
4024349,693345,ESTROVEN,NULL,NULL
4023463,693351,FIBERSOURCE,NULL,NULL
4025508,693363,GLUCOVITA,NULL,NULL
4023385,693392,KERI,NULL,NULL
4023348,693401,LIPONOID,NULL,NULL
4023949,693402,LONALAC,NULL,NULL
4023939,693409,MAGNACAL,NULL,NULL
4023460,693413,MERITENE,NULL,NULL
4022896,693416,MICROLITE,NULL,NULL
4024360,693419,"MULTIVITAMIN,HERBAL",NULL,NULL
4029229,693419,"MULTIVITAMINS,HERBAL",NULL,NULL
4025883,693429,NUTREN,NULL,NULL
4025881,693439,OPTIMENTAL,NULL,NULL
4023963,693444,OXYSEPT,NULL,NULL
4023286,693499,PRO-CUTE,NULL,NULL
4024062,693500,PRO-PEPTIDE,NULL,NULL
4023864,693503,PROMOD,NULL,NULL
4025879,693514,RENGENECARE,NULL,NULL
4023760,693523,EFFERDENT,NULL,NULL
4023861,693549,TWOCAL,NULL,NULL
4023378,693570,S-M-A,NULL,NULL
4023867,693588,SUPLENA,NULL,NULL
4023145,693592,SUSTACAL,NULL,NULL
4025955,695826,"PROMOGRAN PRISMA MATRIX",NULL,NULL
4025954,700460,PRO-STAT,NULL,NULL
4022159,705030,"MEASLES/MUMPS/RUBELLA VIRUS",NULL,NULL
4022158,705031,"MEASLES/RUBELLA VIRUS",NULL,NULL
4022156,705032,"MUMPS VIRUS/RUBELLA VIRUS",NULL,NULL
4022478,705035,"GENTAMICIN/SODIUM CHLORIDE",NULL,NULL
4022438,705036,"GONADOTROPIN,CHORIONIC/MANNITOL",NULL,NULL
4023611,705044,"CHROMIC CHLORIDE/CUPRIC CHLORIDE/MANGANESE SULFATE/SELENIUM/ZINC",NULL,NULL
4022783,705049,CHROMIUM/COPPER/IODIDE/MANGANESE/MOLYBDENUM/SELENIUM/ZINC,NULL,NULL
4022785,705050,CHROMIUM/COPPER/IODIDE/MANGANESE/SELENIUM/ZINC,NULL,NULL
4023266,705051,CIPROFLOXACIN/DEXTROSE,NULL,NULL
4023084,705053,CLINDAMYCIN/DEXTROSE,NULL,NULL
4023086,705054,"CEFUROXIME/SODIUM CHLORIDE",NULL,NULL
4022729,705055,CEFUROXIME/DEXTROSE,NULL,NULL
4023128,705057,"ALUMINUM HYDROXIDE/FERROUS SULFATE/MAGNESIUM HYDROXIDE",NULL,NULL
4023319,705060,"ALCOHOL/CITRIC ACID/SALICYLIC ACID",NULL,NULL
4023404,705061,ALCOHOL/FLUORIDE,NULL,NULL
4023947,705069,"SUSTACAL W/FIBER",NULL,NULL
4023763,705072,"VITAMIN A/VITAMIN D/VITAMIN E",NULL,NULL
4023865,705092,PROMOTE,NULL,NULL
4023466,705096,"SODIUM CHLORIDE/TOBRAMYCIN",NULL,NULL
4026039,705261,"CALCIUM CARBONATE/MINERALS/VITAMIN D",NULL,NULL
4024231,708549,ZOLEDRONIC,NULL,NULL
4023818,709699,DRESSING,NULL,NULL
4023857,710925,INTROLITE,NULL,NULL
4023462,711274,RESOURCE,NULL,NULL
4024059,711397,ADVERA,NULL,NULL
4023868,712629,VITAL,NULL,NULL
4024213,713182,PEGINTERFERON,NULL,NULL
4023862,715068,PEDIASURE,NULL,NULL
4023543,716166,ISOLATE,NULL,NULL
4025604,718359,"THICK & EASY",NULL,NULL
4026113,724507,"NUTREN RENAL",NULL,NULL
4026110,724523,"DRESSING,MAXORB",NULL,NULL
4026168,725122,BISMUTH/METRONIDAZOLE/TETRACYCLINE,NULL,NULL
4023175,738168,HEMORRHOIDAL,NULL,NULL
4030852,743783,IOFLUPANE,NULL,NULL
4026508,750955,"DRESSING,ACTICOAT",NULL,NULL
4026632,751062,"CLINDAMYCIN PHOSPHATE/TRETINOIN",NULL,NULL
4026507,751068,"DRESSING,MEPILEX",NULL,NULL
4026633,751093,"DRESSING,RESTORE CALCIUM ALGINATE",NULL,NULL
4026636,751130,"HYOSCYAMINE/METHENAMINE/METHYLENE/PHENYL SALICYL/SODIUM PHOS",NULL,NULL
4026744,751138,"KETOCONAZOLE/ZINC PYRITHIONE",NULL,NULL
4026506,751179,"ORAL,SWAB",NULL,NULL
4026244,751269,PROSURE,NULL,NULL
4026496,751558,POLYSORBATE/GLYCERIN,NULL,NULL
4026243,752815,"NUTREN PULMONARY",NULL,NULL
4026746,752816,"PEPTAMEN AF",NULL,NULL
4027246,754762,FOSAPREPITANT,NULL,NULL
4026972,757963,"CALCIUM/MAGNESIUM/VITAMIN D/ZINC",NULL,NULL
4026973,758154,CHLORIDE/POTASSIUM/SODIUM,NULL,NULL
4030913,758629,"HYALURONIC ACID/LIDOCAINE",NULL,NULL
4020820,760056,"GAUZE,IODOFORM",NULL,NULL
4027256,794737,"DIGESTIVE AID",NULL,NULL
4027173,794741,PROPASS,NULL,NULL
4027258,794743,"SINUS RINSE",NULL,NULL
4027254,794857,PRISMASATE,NULL,NULL
4027346,797427,ALOE/HYDROCORTISONE/PRAMOXINE,NULL,NULL
4027437,797434,PRONUTRA,NULL,NULL
4027810,806793,DIPHTHERIA/PERTUSSIS/PILIOVIRUS/TETANUS,NULL,NULL
4027909,809113,OXEPA,NULL,NULL
4023820,812263,GAUZE,NULL,NULL
4027354,815187,PROSTATA,NULL,NULL
4028381,822349,TRAUMEEL,NULL,NULL
4028240,833394,"ACETAMINOPHEN/ASPIRIN/CALCIUM CARBONATE",NULL,NULL
4028382,834759,"NUTREN GLYTROL",NULL,NULL
4028386,834765,DIPHTHERIA/PERTUSSIS/POLIOVIRUS/TETANUS,NULL,NULL
4028510,846353,"DRESSING,TEGADERM AG",NULL,NULL
4028642,853200,"DRESSING,ALGINATE W/SILVER",NULL,NULL
4028726,855053,"GERI PROTECT",NULL,NULL
4028729,855054,"PUMPKIN SEED/SOY",NULL,NULL
4028808,858023,"CHOLECALCIFEROL/FISH OIL",NULL,NULL
4028811,858025,"FERROUS FUMARATE/IRON",NULL,NULL
4028815,858029,"IRON/VITAMIN C",NULL,NULL
4028812,858201,CALCIUM/MAGNESIUM/PHOSPHORUS,NULL,NULL
4028814,858202,"CALCIUM/MAGNESIUM/VITAMIN D/VITAMIN K",NULL,NULL
4028928,863802,DUOSOL,NULL,NULL
4028929,863803,"METHINAMINE/SODIUM SALICYLATE",NULL,NULL
4019293,870808,SOMATOTROPIN,NULL,NULL
4029232,880291,NOSEBLEED,NULL,NULL
4029219,880322,TELEVANCIN,NULL,NULL
4029225,881289,"DRESSING,POLYMEM",NULL,NULL
4029074,883517,"FOLIC ACID/IRON/MULTIVITAMINS",NULL,NULL
4022367,975436,HYDROCORTISONE/UREA,NULL,NULL
4029880,997923,DROSPIRENONE/ESTRADIOL,NULL,NULL
4030135,1013239,"DRESSING,MELGISORB",NULL,NULL
4030220,1040603,PIVOT,NULL,NULL
4023967,1046801,BASIS,NULL,NULL
4030257,1048113,"ASCORBIC ACID/FOLIC ACID/IRON",NULL,NULL
4030306,1051055,"MENINGOCOCCAL OLIGOSACCHARIDE CONJUGATE",NULL,NULL
4030307,1051057,"MENINGOCOCCAL POLYSACCHARIDE CONJUGATE",NULL,NULL
4030361,1088314,PRISMASOL,NULL,NULL
4030497,1094809,"SODIUM NITRITE/SODIUM THIOSULFATE",NULL,NULL
4030493,1095596,CALCIUM/IODINE,NULL,NULL
4030858,1117215,"METHENAMINE/NA BIPHOSPHA/PHENYL SALICYLATE/METHELENE/HYOSCYAMINE",NULL,NULL
4030854,1119481,"DRESSING,GRANUFOAM",NULL,NULL
4030994,1189072,"ALOE/VITAMIN A/VITAMIN D/VITAMIN E",NULL,NULL
4030989,1189075,EMTRICITABINE/RILPIVIRINE/TENOFOVIR,NULL,NULL
4030986,1189076,"GILDESS FE",NULL,NULL
4030990,1189079,PUREFLOW,NULL,NULL
4030985,1189632,CYCLAFEM,NULL,NULL
4031046,1191759,BRENTUXIMAB,NULL,NULL
4031055,1192772,"DRESSING,AMF",NULL,NULL
4031116,1232701,"PANTHENOL/VITAMIN E/ZINC OXIDE",NULL,NULL
4031187,1235550,DERMAGRAN-B,NULL,NULL
4031186,1235553,"PEDIASURE PEPTIDE",NULL,NULL
4031336,1249062,"DRESSING,DERMAGRAN",NULL,NULL
4031439,1298323,"BUPIVACAINE/SODIUM CHLORIDE",NULL,NULL
4031531,1301218,AXONA,NULL,NULL
4031532,1301222,"HERBAL GLUCOSE CONTROL",NULL,NULL
4031529,1301740,"INTERDRY AG",NULL,NULL
4031618,1307137,DROSPIRENONE/ESTRADIOL/LEVOMEFOLATE,NULL,NULL
4031617,1307280,"DRESSING,MEPILEX TRANSFER",NULL,NULL
4020190,1309210,"GARLIC OIL",NULL,NULL
4024415,1309243,"COTTONSEED OIL",NULL,NULL
4025496,1311095,"PAPILLOMAVIRUS HUMAN",NULL,NULL
4019622,1311190,GOLD,NULL,NULL
4022155,1312384,"MEASLES VIRUS",NULL,NULL
4031670,1313110,COBICISTAT/ELVITEGRAVIR/EMTRICITABINE/TENOFOVIR,NULL,NULL
4024416,1363043,ETHER,NULL,NULL
4022157,1365969,"RUBELLA VIRUS",NULL,NULL
4031768,1366467,"SODIUM CHLORIDE/SILVER",NULL,NULL
4031862,1371616,"DRESSING,AQUACEL FOAM",NULL,NULL
4032099,1373589,"DRESSING,TEGADERM CALCIUM ALGINATE",NULL,NULL
4032193,1421537,ADO-TRASTUZUMAB,NULL,NULL
4032286,1425488,"HYDROPHILIC PETROLATUM/MINERAL OIL",NULL,NULL
4022154,1426911,"MUMPS VIRUS",NULL,NULL
4032428,1427480,BACITRACIN//NEOMYCIN/POLYMYXIN/PRAMOXINE,NULL,NULL
4034414,1427480,BACITRACIN/NEOMYCIN/POLYMYXIN/PRAMOXINE,NULL,NULL
4032729,1441779,"CALCIUM/MAGNESIUM/VITAMIN D",NULL,NULL
4032718,1441780,"SILVER/SODIUM ALGINATE",NULL,NULL
4025495,1444006,"ZOSTER VACCINE",NULL,NULL
4032646,1447105,"PROTHROMBIN COMPLEX",NULL,NULL
4032864,1485637,EARGENE,NULL,NULL
4032896,1485638,"CLOZAPINE (VERSACLOZ)",NULL,NULL
4032935,1487423,"CALANUS OIL",NULL,NULL
4033042,1489753,BAZEDOXIFENE/ESTROGENS,NULL,NULL
4033096,1493417,"POTASSIUM IODIDE/SELENIUM",NULL,NULL
4033289,1538208,"METHENAMINE/SODIUM SALICYLATE",NULL,NULL
4033255,1538327,EXFOLIANT,NULL,NULL
4033315,1541607,"HERBAL MISCELLANEOUS",NULL,NULL
4033380,1544176,MOISTURIZER,NULL,NULL
4030254,1546356,DABIGATRAN,NULL,NULL
4031814,1546446,OMACETAXINE,NULL,NULL
4033764,1595231,"DIPHTHERIA/HEPATITUS B/PERTUSSIS/POLIO/TETANUS",NULL,NULL
4033762,1595283,"FERRIC IRON",NULL,NULL
4033865,1597695,"BENZETHONIUM CHLORIDE/LIDOCAINE",NULL,NULL
4033903,1597697,"DIPHTHERIA/HEPATITIS B/PERTUSSIS/POLIO/TETANUS",NULL,NULL
4033882,1598327,PEDIASMART,NULL,NULL
4034029,1600259,DASABUVIR/OMBITASVIR/PARITAPREVIR/RITONAVIR,NULL,NULL
4034198,1607577,"DRESSING,ACTISORB",NULL,NULL
4024441,1609239,"JAPANESE ENCEPHALITIS VIRUS VACCINE",NULL,NULL
4033040,1609276,LEUPROLIDE/NORETHINDRONE,NULL,NULL
4034276,1648682,"MEASLES/MUMPS/RUBELLA/VARICELLA VIRUS",NULL,NULL
4034626,1664426,DIMETHICONE/TRIAMCINOLONE,NULL,NULL
4034859,1716330,"ALOE/EMU OIL/GLUCOSAMINE/MSM",NULL,NULL
